name,age,games,plate appearance,at bat,runs,hits,doubles,triples,home runs,RBI,stolen bases,walks,strikeouts,hits/at bat,on base pct,slug pct,ops
Jose Abreu,31,59,257,234,32,70,23,0,10,36,1,15,48,.299,.354,.526,.880
Ronald Acuna,20,29,129,117,19,31,7,0,5,13,2,10,37,.265,.326,.453,.779
Jason Adam,26,1,0,0,0,0,0,0,0,0,0,0,0,0,0,0,0
Willy Adames,22,3,12,12,2,2,0,0,1,1,0,0,6,.167,.167,.417,.583
Austin Adams,27,2,0,0,0,0,0,0,0,0,0,0,0,0,0,0,0
Lane Adams,28,15,21,17,5,4,0,0,1,4,0,4,4,.235,.381,.412,.793
Matt Adams,29,51,159,141,23,36,6,0,13,33,0,16,33,.255,.340,.574,.914
Ehire Adrianza,28,44,137,123,17,29,11,0,2,9,2,10,35,.236,.296,.374,.670
Jesus Aguilar,28,54,180,156,27,46,8,0,10,32,0,18,45,.295,.367,.538,.905
Nick Ahmed,28,56,210,194,23,41,10,1,8,25,2,14,47,.211,.263,.397,.660
Matt Albers,35,20,0,0,0,0,0,0,0,0,0,0,0,0,0,0,0
Hanser Alberto,25,3,9,8,0,1,0,0,0,0,0,1,1,.125,.222,.125,.347
Ozzie Albies,21,62,290,268,51,70,19,2,14,35,6,16,50,.261,.308,.504,.812
Scott Alexander,28,25,5,4,0,0,0,0,0,0,0,0,4,.000,.000,.000,.000
Jorge Alfaro,25,47,162,151,13,38,7,1,4,13,0,8,64,.252,.302,.391,.693
Anthony Alford,23,7,16,14,2,2,0,0,0,1,1,2,6,.143,.250,.143,.393
Cody Allen,29,1,0,0,0,0,0,0,0,0,0,0,0,0,0,0,0
Greg Allen,25,25,86,79,11,20,3,2,1,3,3,5,23,.253,.306,.380,.686
Abraham Almonte,29,33,110,103,12,21,1,1,3,8,2,6,25,.204,.248,.320,.568
Albert Almora,24,54,192,175,35,55,13,1,2,15,1,15,32,.314,.366,.434,.801
Yonder Alonso,31,58,218,196,26,47,7,0,11,34,0,20,48,.240,.312,.444,.756
Aaron Altherr,27,55,186,154,19,29,4,1,6,29,1,28,57,.188,.317,.344,.661
Jose Altuve,28,64,282,260,37,88,15,2,4,31,9,18,41,.338,.384,.458,.842
Jose Alvarado,23,1,0,0,0,0,0,0,0,0,0,0,0,0,0,0,0
Jose Alvarez,29,1,0,0,0,0,0,0,0,0,0,0,0,0,0,0,0
Pedro Alvarez,31,40,118,102,18,20,2,0,8,18,0,16,30,.196,.305,.451,.756
Brian Anderson,25,62,260,232,32,69,15,2,3,30,2,23,51,.297,.373,.418,.791
Chase Anderson,30,10,17,15,1,1,0,0,0,0,0,0,10,.067,.067,.067,.133
Justin Anderson,25,1,0,0,0,0,0,0,0,0,0,0,0,0,0,0,0
Tim Anderson,25,58,231,211,31,51,7,2,11,25,13,18,55,.242,.304,.450,.755
Tyler Anderson,28,14,25,19,6,2,0,0,0,1,0,2,11,.105,.227,.105,.333
John Andreoli,28,1,4,3,0,1,0,0,0,0,0,1,0,.333,.500,.333,.833
Elvis Andrus,29,14,61,52,7,17,3,0,2,5,0,8,2,.327,.426,.500,.926
Miguel Andujar,23,50,205,193,29,59,21,2,7,26,1,9,37,.306,.337,.544,.881
Victor Arano,23,15,0,0,0,0,0,0,0,0,0,0,0,0,0,0,0
Orlando Arcia,23,49,161,153,9,31,5,0,2,14,2,8,36,.203,.242,.275,.517
Nolan Arenado,27,57,250,214,39,70,13,2,12,36,2,35,48,.327,.420,.575,.995
Jake Arrieta,32,10,22,19,1,3,0,0,1,1,0,2,13,.158,.238,.316,.554
Christian Arroyo,23,13,40,34,3,10,2,1,0,4,0,6,10,.294,.400,.412,.812
Alec Asher,26,1,0,0,0,0,0,0,0,0,0,0,0,0,0,0,0
Carlos Asuaje,26,43,121,109,6,21,4,0,2,13,0,10,20,.193,.256,.284,.541
Tyler Austin,26,32,126,116,16,26,6,0,8,23,1,7,52,.224,.278,.483,.761
Alex Avila,31,40,104,90,6,11,0,0,2,4,0,14,49,.122,.240,.189,.429
Luis Avilan,28,1,0,0,0,0,0,0,0,0,0,0,0,0,0,0,0
Harrison Bader,24,47,117,105,20,28,2,1,5,9,6,9,30,.267,.342,.448,.789
Javier Baez,25,57,233,221,35,57,10,5,14,46,9,7,56,.258,.288,.538,.826
Pedro Baez,30,29,3,3,0,0,0,0,0,0,0,0,2,.000,.000,.000,.000
Homer Bailey,32,12,22,17,0,3,0,0,0,0,0,0,9,.176,.176,.176,.353
Jett Bandy,28,24,71,64,5,12,2,0,1,1,0,3,23,.188,.268,.266,.533
Austin Barnes,28,49,115,92,17,20,4,0,1,3,1,18,24,.217,.374,.293,.667
Danny Barnes,28,1,0,0,0,0,0,0,0,0,0,0,0,0,0,0,0
Jacob Barnes,28,18,0,0,0,0,0,0,0,0,0,0,0,0,0,0,0
Matt Barnes,28,1,0,0,0,0,0,0,0,0,0,0,0,0,0,0,0
Tucker Barnhart,27,52,206,181,17,48,10,1,3,18,0,22,41,.265,.341,.381,.723
Steven Baron,27,2,5,5,0,1,0,0,0,0,0,0,2,.200,.200,.200,.400
Kyle Barraclough,28,26,0,0,0,0,0,0,0,0,0,0,0,0,0,0,0
Franklin Barreto,22,5,7,6,0,0,0,0,0,0,0,1,3,.000,.143,.000,.143
Jake Barrett,26,3,0,0,0,0,0,0,0,0,0,0,0,0,0,0,0
Jaime Barria,21,1,2,2,0,0,0,0,0,0,0,0,0,.000,.000,.000,.000
Trevor Bauer,27,1,3,3,1,0,0,0,0,0,0,0,1,.000,.000,.000,.000
Jake Bauers,22,1,4,4,0,0,0,0,0,0,0,0,1,.000,.000,.000,.000
Buddy Baumann,30,4,1,1,0,0,0,0,0,0,0,0,0,.000,.000,.000,.000
Buddy Baumann,30,1,0,0,0,0,0,0,0,0,0,0,0,0,0,0,0
Buddy Baumann,30,3,1,1,0,0,0,0,0,0,0,0,0,.000,.000,.000,.000
Gerson Bautista,23,5,0,0,0,0,0,0,0,0,0,0,0,0,0,0,0
Jose Bautista,37,27,83,67,7,14,6,0,2,8,1,14,22,.209,.349,.388,.737
Jose Bautista,37,12,40,35,3,5,1,0,2,5,0,5,12,.143,.250,.343,.593
Jose Bautista,37,15,43,32,4,9,5,0,0,3,1,9,10,.281,.442,.438,.879
Rafael Bautista,25,9,6,6,1,0,0,0,0,0,0,0,1,.000,.000,.000,.000
Chris Beck,27,4,1,1,0,0,0,0,0,0,0,0,1,.000,.000,.000,.000
Gordon Beckham,31,12,39,34,1,7,1,0,0,1,1,3,7,.206,.270,.235,.506
Tim Beckham,28,23,93,84,8,15,4,0,1,4,1,8,28,.179,.247,.262,.509
Tyler Beede,25,2,2,2,0,0,0,0,0,0,0,0,2,.000,.000,.000,.000
Josh Bell,25,62,253,224,30,53,12,3,4,34,0,25,49,.237,.308,.371,.679
Cody Bellinger,22,62,252,224,37,53,11,3,11,30,2,25,61,.237,.313,.460,.773
Brandon Belt,30,53,226,192,32,59,11,1,11,31,2,28,53,.307,.403,.547,.950
Adrian Beltre,39,34,140,120,12,36,8,0,2,15,0,13,22,.300,.357,.417,.774
Andrew Benintendi,23,59,267,231,45,69,16,5,11,44,10,31,43,.299,.378,.554,.932
Chad Bettis,29,12,27,25,2,3,0,0,0,1,0,1,12,.120,.154,.120,.274
Mookie Betts,25,48,213,184,52,66,19,1,17,37,13,24,25,.359,.437,.750,1.187
Joe Biagini,28,1,0,0,0,0,0,0,0,0,0,0,0,0,0,0,0
Jesse Biddle,26,15,1,1,0,1,1,0,0,1,0,0,0,1.000,1.000,2.000,3.000
Greg Bird,25,9,42,39,2,8,3,1,2,4,0,1,11,.205,.262,.487,.749
Ty Blach,27,17,24,20,0,1,0,0,0,0,0,2,9,.050,.136,.050,.186
Charlie Blackmon,31,57,258,228,48,66,6,4,12,30,4,28,51,.289,.372,.509,.881
Gregor Blanco,34,42,129,120,13,29,4,3,1,5,3,8,37,.242,.289,.350,.639
Alex Blandino,25,45,111,97,10,23,3,0,1,5,0,9,28,.237,.321,.299,.620
Jabari Blash,28,3,10,9,1,2,0,0,0,0,0,1,4,.222,.300,.222,.522
Richard Bleier,31,2,0,0,0,0,0,0,0,0,0,0,0,0,0,0,0
Jerry Blevins,34,26,1,1,0,0,0,0,0,0,0,0,1,.000,.000,.000,.000
Xander Bogaerts,25,46,200,183,25,52,17,0,9,34,1,13,42,.284,.340,.525,.865
David Bote,25,8,21,19,1,5,2,0,0,5,1,1,5,.263,.286,.368,.654
Justin Bour,30,60,237,196,21,48,6,1,10,27,0,40,52,.245,.371,.439,.810
Peter Bourjos,31,24,35,33,4,6,2,0,0,3,0,2,10,.182,.229,.242,.471
Matthew Bowman,27,16,0,0,0,0,0,0,0,0,0,0,0,0,0,0,0
Brad Boxberger,30,24,0,0,0,0,0,0,0,0,0,0,0,0,0,0,0
Matt Boyd,27,1,1,1,0,0,0,0,0,0,0,0,1,.000,.000,.000,.000
Blaine Boyer,36,2,0,0,0,0,0,0,0,0,0,0,0,0,0,0,0
Brad Brach,32,2,0,0,0,0,0,0,0,0,0,0,0,0,0,0,0
Silvino Bracho,25,7,0,0,0,0,0,0,0,0,0,0,0,0,0,0,0
Archie Bradley,25,29,0,0,0,0,0,0,0,0,0,0,0,0,0,0,0
Jackie Bradley,28,54,198,172,26,34,9,1,2,12,6,18,53,.198,.298,.297,.594
Michael Brantley,31,50,222,203,33,66,13,1,10,39,2,14,19,.325,.369,.547,.916
Steven Brault,26,15,12,12,0,3,1,0,0,0,0,0,0,.250,.250,.333,.583
Ryan Braun,34,48,175,157,20,36,10,0,6,24,6,15,39,.229,.291,.408,.699
John Brebbia,28,14,0,0,0,0,0,0,0,0,0,0,0,0,0,0,0
Alex Bregman,24,62,277,235,33,63,19,0,7,29,6,38,36,.268,.379,.438,.817
Colten Brewer,25,1,0,0,0,0,0,0,0,0,0,0,0,0,0,0,0
Austin Brice,26,21,1,1,0,0,0,0,0,0,0,0,1,.000,.000,.000,.000
Jose Briceno,25,5,13,12,3,4,0,0,2,3,0,1,3,.333,.385,.833,1.218
Lewis Brinson,24,60,221,208,14,35,3,0,9,21,1,9,71,.168,.214,.313,.526
Socrates Brito,25,8,17,17,1,2,0,0,0,1,0,0,3,.118,.118,.118,.235
Rex Brothers,30,1,0,0,0,0,0,0,0,0,0,0,0,0,0,0,0
Jay Bruce,31,56,212,192,17,43,11,1,3,15,2,20,42,.224,.297,.339,.636
Kris Bryant,26,53,252,212,34,62,18,2,8,29,2,30,47,.292,.401,.509,.910
Clay Buchholz,33,3,8,6,0,1,0,0,0,0,0,0,1,.167,.167,.167,.333
Ryan Buchter,31,1,0,0,0,0,0,0,0,0,0,0,0,0,0,0,0
Walker Buehler,23,8,18,17,1,2,0,0,0,0,0,0,7,.118,.118,.118,.235
Madison Bumgarner,28,1,2,2,0,0,0,0,0,0,0,0,1,.000,.000,.000,.000
Aaron Bummer,24,4,0,0,0,0,0,0,0,0,0,0,0,0,0,0,0
Dylan Bundy,25,1,2,2,0,0,0,0,0,0,0,0,1,.000,.000,.000,.000
Drew Butera,34,28,92,81,5,13,4,0,1,10,0,9,20,.160,.250,.247,.497
Eddie Butler,27,6,3,2,0,0,0,0,0,0,0,1,0,.000,.333,.000,.333
Byron Buxton,24,28,94,90,8,14,4,0,0,4,5,3,28,.156,.183,.200,.383
Asdrubal Cabrera,32,58,244,227,30,65,16,1,10,34,0,14,44,.286,.328,.498,.826
Melky Cabrera,33,13,48,44,3,8,4,0,0,8,0,1,7,.182,.208,.273,.481
Miguel Cabrera,35,34,141,121,16,37,11,0,3,22,0,19,24,.306,.397,.471,.868
Lorenzo Cain,32,58,252,213,36,60,11,0,7,18,11,37,45,.282,.389,.432,.821
Kole Calhoun,30,50,185,173,14,25,1,1,1,11,3,11,43,.145,.195,.179,.374
Johan Camargo,24,41,146,120,17,25,5,1,5,20,0,24,25,.208,.349,.392,.741
Jeimer Candelario,24,51,223,195,32,53,15,3,9,27,1,24,53,.272,.363,.518,.881
Mark Canha,29,45,161,148,21,37,8,0,7,20,0,12,39,.250,.311,.446,.757
Robinson Cano,35,39,169,143,24,41,10,0,4,23,0,21,23,.287,.385,.441,.825
Victor Caratini,24,26,69,65,8,17,3,0,0,4,0,3,15,.262,.304,.308,.612
Shane Carle,26,25,4,3,0,0,0,0,0,0,0,0,3,.000,.000,.000,.000
Matt Carpenter,32,56,234,200,25,45,16,0,7,21,0,31,58,.225,.329,.410,.739
Carlos Carrasco,31,1,4,4,0,1,0,0,0,1,0,0,2,.250,.250,.250,.500
Curt Casali,29,4,11,8,3,4,2,0,1,2,0,1,0,.500,.600,1.125,1.725
Nick Castellanos,26,61,264,248,32,82,21,3,6,33,1,12,56,.331,.371,.512,.883
Diego Castillo,24,1,0,0,0,0,0,0,0,0,0,0,0,0,0,0,0
Jose Castillo,22,2,0,0,0,0,0,0,0,0,0,0,0,0,0,0,0
Luis Castillo,25,12,25,23,3,4,1,0,0,1,0,1,9,.174,.208,.217,.426
Welington Castillo,31,33,123,116,12,31,5,0,6,15,0,6,33,.267,.309,.466,.774
Daniel Castro,25,18,47,46,2,8,1,0,1,6,0,1,7,.174,.191,.261,.452
Jason Castro,31,19,74,63,4,9,3,0,1,3,0,9,26,.143,.257,.238,.495
Starlin Castro,28,61,260,240,37,70,16,1,3,24,2,16,52,.292,.331,.404,.735
Jake Cave,25,3,9,9,2,1,0,0,1,2,1,0,3,.111,.111,.444,.556
Brett Cecil,31,10,0,0,0,0,0,0,0,0,0,0,0,0,0,0,0
Juan Centeno,28,10,38,37,3,6,1,0,1,3,0,1,7,.162,.184,.270,.454
Francisco Cervelli,32,47,188,153,22,42,7,3,9,35,0,23,38,.275,.394,.536,.930
Yoenis Cespedes,32,37,152,137,18,35,6,0,8,28,3,12,50,.255,.316,.474,.790
Jhoulys Chacin,30,11,22,21,1,3,0,0,0,0,0,0,7,.143,.143,.143,.286
Andrew Chafin,28,28,0,0,0,0,0,0,0,0,0,0,0,0,0,0,0
Aroldis Chapman,30,2,0,0,0,0,0,0,0,0,0,0,0,0,0,0,0
Matt Chapman,25,63,259,228,36,53,9,3,9,25,0,28,65,.232,.324,.417,.741
J.T. Chargois,27,20,1,1,0,0,0,0,0,0,0,0,0,.000,.000,.000,.000
Tyler Chatwood,28,11,18,15,1,3,0,0,0,2,0,0,4,.200,.200,.200,.400
Wei-Yin Chen,32,8,13,13,0,2,0,0,0,2,0,0,4,.154,.154,.154,.308
Robinson Chirinos,34,48,183,158,17,32,8,0,8,22,1,18,75,.203,.306,.405,.711
Lonnie Chisenhall,29,9,28,24,3,5,1,0,0,2,1,3,4,.208,.321,.250,.571
Ji-Man Choi,27,10,30,28,3,5,2,0,1,1,0,2,14,.179,.233,.357,.590
Shin-Soo Choo,35,62,281,240,37,64,13,0,10,26,2,37,66,.267,.370,.446,.816
Adam Cimber,27,25,4,4,0,0,0,0,0,0,0,0,3,.000,.000,.000,.000
Tony Cingrani,28,28,0,0,0,0,0,0,0,0,0,0,0,0,0,0,0
Steve Cishek,32,29,2,2,1,1,0,0,0,0,0,0,0,.500,.500,.500,1.000
Tyler Clippard,33,1,0,0,0,0,0,0,0,0,0,0,0,0,0,0,0
Tyler Cloyd,31,6,3,3,0,0,0,0,0,0,0,0,2,.000,.000,.000,.000
Alex Cobb,30,1,3,2,0,0,0,0,0,0,0,0,1,.000,.000,.000,.000
A.J. Cole,26,4,4,3,1,1,0,0,1,1,0,0,1,.333,.333,1.333,1.667
A.J. Cole,26,4,4,3,1,1,0,0,1,1,0,0,1,.333,.333,1.333,1.667
Gerrit Cole,27,1,5,5,0,0,0,0,0,0,0,0,5,.000,.000,.000,.000
Tim Collins,28,6,0,0,0,0,0,0,0,0,0,0,0,0,0,0,0
Michael Conforto,25,50,205,171,23,39,5,0,7,16,1,32,53,.228,.351,.380,.731
Adam Conley,28,7,0,0,0,0,0,0,0,0,0,0,0,0,0,0,0
P.J. Conlon,24,2,3,3,1,1,0,0,0,0,0,0,0,.333,.333,.333,.667
Willson Contreras,26,52,227,195,22,54,15,4,4,22,2,23,40,.277,.372,.456,.828
Garrett Cooper,27,4,9,7,0,1,0,0,0,1,0,1,3,.143,.333,.143,.476
Scott Copeland,30,1,0,0,0,0,0,0,0,0,0,0,0,0,0,0,0
Patrick Corbin,28,12,27,23,1,6,1,0,0,2,0,2,11,.261,.320,.304,.624
Franchy Cordero,23,40,154,139,19,33,5,1,7,19,5,14,55,.237,.307,.439,.746
Carlos Correa,23,60,256,220,36,58,14,0,10,39,2,29,65,.264,.348,.464,.811
Danny Coulombe,28,1,0,0,0,0,0,0,0,0,0,0,0,0,0,0,0
Kaleb Cowart,26,3,5,5,2,1,1,0,0,0,0,0,2,.200,.200,.400,.600
Zack Cozart,32,52,231,205,27,47,13,2,5,18,0,17,40,.229,.303,.385,.688
Dylan Cozens,24,4,11,9,1,2,0,0,1,2,0,2,6,.222,.364,.556,.919
Brandon Crawford,31,60,234,213,26,69,14,1,7,27,1,16,48,.324,.372,.498,.869
J.P. Crawford,23,23,75,68,9,13,3,0,2,6,0,4,21,.191,.247,.324,.570
Kyle Crick,25,21,0,0,0,0,0,0,0,0,0,0,0,0,0,0,0
C.J. Cron,28,60,264,238,33,61,10,0,13,33,1,15,62,.256,.322,.462,.784
Nelson Cruz,37,49,207,184,17,47,8,0,11,31,1,13,41,.255,.333,.478,.812
Tony Cruz,31,9,26,26,2,4,1,0,1,2,0,0,11,.154,.154,.308,.462
Johnny Cueto,32,4,9,8,0,0,0,0,0,0,0,0,1,.000,.000,.000,.000
Noel Cuevas,26,34,74,70,5,20,0,1,1,4,0,3,8,.286,.324,.357,.681
Charlie Culberson,29,37,90,84,17,22,4,2,2,11,1,5,22,.262,.311,.429,.740
Zac Curtis,25,4,0,0,0,0,0,0,0,0,0,0,0,0,0,0,0
Cheslor Cuthbert,25,30,117,103,11,20,2,0,3,7,0,11,23,.194,.282,.301,.583
Travis d'Arnaud,29,4,16,15,1,3,0,0,1,3,0,1,5,.200,.250,.400,.650
David Dahl,24,32,97,91,8,25,3,2,4,13,2,4,28,.275,.309,.484,.793
Yu Darvish,31,8,14,12,0,1,1,0,0,0,0,0,7,.083,.083,.167,.250
Matt Davidson,27,45,183,150,20,36,7,0,11,28,0,29,58,.240,.366,.507,.873
Zach Davies,25,7,14,11,0,0,0,0,0,0,0,0,7,.000,.000,.000,.000
Chris Davis,32,55,220,198,9,30,4,0,4,15,0,19,81,.152,.232,.232,.464
J.D. Davis,25,17,53,45,7,9,0,0,1,4,0,8,14,.200,.321,.267,.587
Khris Davis,30,54,234,207,30,50,11,0,15,44,0,19,59,.242,.321,.512,.833
Rajai Davis,37,42,106,95,14,22,3,0,0,3,11,7,18,.232,.288,.263,.552
Wade Davis,32,28,0,0,0,0,0,0,0,0,0,0,0,0,0,0,0
Jorge De La Rosa,37,27,2,1,1,0,0,0,0,0,0,1,0,.000,.500,.000,.500
Jacob deGrom,30,12,27,23,0,2,0,0,0,1,0,2,11,.087,.160,.087,.247
Paul DeJong,24,41,171,150,22,39,8,0,8,19,0,16,50,.260,.351,.473,.824
Nick Delmonico,25,37,135,116,10,26,4,1,1,7,1,16,24,.224,.333,.302,.635
Daniel Descalso,31,54,178,148,20,38,11,3,7,30,0,23,44,.257,.354,.514,.867
Anthony DeSclafani,28,1,1,1,0,0,0,0,0,0,0,0,0,.000,.000,.000,.000
Delino DeShields,25,44,193,168,26,34,6,1,2,7,12,20,46,.202,.295,.286,.580
Ian Desmond,32,60,232,210,29,41,8,1,11,33,6,16,58,.195,.263,.400,.663
Odrisamer Despaigne,31,11,4,4,0,1,0,0,0,0,0,0,1,.250,.250,.250,.500
Chris Devenski,27,1,0,0,0,0,0,0,0,0,0,0,0,0,0,0,0
Rafael Devers,21,60,248,228,24,52,12,0,9,28,1,18,67,.228,.282,.399,.681
Aledmys Diaz,27,38,134,125,18,27,6,0,6,15,1,7,19,.216,.269,.408,.677
Edwin Diaz,24,2,0,0,0,0,0,0,0,0,0,0,0,0,0,0,0
Elias Diaz,27,28,80,73,12,21,2,0,4,13,0,6,8,.288,.338,.479,.817
Corey Dickerson,29,57,235,220,31,71,16,3,5,32,3,11,27,.323,.357,.491,.848
Derek Dietrich,28,58,229,211,28,60,12,1,7,23,1,9,53,.284,.336,.450,.786
Wilmer Difo,26,57,191,170,27,42,6,3,3,18,2,18,31,.247,.317,.371,.688
Brandon Dixon,26,12,19,17,1,4,1,0,0,0,0,2,4,.235,.316,.294,.610
Seranthony Dominguez,23,13,1,0,0,0,0,0,0,0,0,1,0,0,1.000,0,0
Josh Donaldson,32,36,159,137,22,32,11,0,5,16,2,21,44,.234,.333,.423,.757
Sean Doolittle,31,24,0,0,0,0,0,0,0,0,0,0,0,0,0,0,0
Brian Dozier,31,59,268,239,38,59,12,2,9,26,3,26,46,.247,.325,.427,.751
Hunter Dozier,26,22,80,73,7,19,5,0,1,4,0,7,22,.260,.325,.370,.695
Oliver Drake,31,12,0,0,0,0,0,0,0,0,0,0,0,0,0,0,0
Oliver Drake,31,1,0,0,0,0,0,0,0,0,0,0,0,0,0,0,0
Oliver Drake,31,11,0,0,0,0,0,0,0,0,0,0,0,0,0,0,0
Oliver Drake,31,1,0,0,0,0,0,0,0,0,0,0,0,0,0,0,0
Brandon Drury,25,8,27,23,2,5,1,0,1,4,0,4,6,.217,.333,.391,.725
Lucas Duda,32,37,145,133,12,34,7,0,4,19,0,9,31,.256,.317,.398,.716
Brian Duensing,35,28,2,1,1,0,0,0,0,0,0,1,1,.000,.500,.000,.500
Matt Duffy,27,46,196,183,12,57,9,1,2,16,2,10,40,.311,.352,.404,.756
Zach Duke,35,1,0,0,0,0,0,0,0,0,0,0,0,0,0,0,0
Mike Dunn,33,23,0,0,0,0,0,0,0,0,0,0,0,0,0,0,0
Adam Duvall,29,62,218,195,18,36,9,0,10,33,2,21,60,.185,.266,.385,.651
Jarrod Dyson,33,49,163,141,22,29,3,2,2,8,10,20,20,.206,.304,.298,.602
Sam Dyson,30,26,0,0,0,0,0,0,0,0,0,0,0,0,0,0,0
Adam Eaton,29,8,33,29,10,10,3,0,2,5,0,3,2,.345,.424,.655,1.079
Carl Edwards,26,25,0,0,0,0,0,0,0,0,0,0,0,0,0,0,0
Zach Eflin,24,6,13,12,2,3,0,0,1,1,0,0,8,.250,.250,.500,.750
A.J. Ellis,37,24,80,66,8,20,4,0,1,7,0,11,13,.303,.405,.409,.814
Edwin Encarnacion,35,55,233,209,31,51,8,0,16,40,0,20,60,.244,.319,.512,.831
Adam Engel,26,54,176,158,18,36,6,2,2,14,8,13,47,.228,.289,.329,.618
Nathan Eovaldi,28,1,1,1,0,0,0,0,0,0,0,0,0,.000,.000,.000,.000
Robbie Erlin,27,16,4,4,0,1,0,0,0,0,0,0,1,.250,.250,.250,.500
Phil Ervin,25,16,44,38,5,8,1,0,0,3,1,5,12,.211,.318,.237,.555
Alcides Escobar,31,63,244,223,29,51,9,2,3,17,3,12,30,.229,.277,.327,.604
Eduardo Escobar,29,56,238,217,31,62,24,0,12,38,1,18,54,.286,.340,.562,.903
Phillip Evans,25,7,9,9,0,1,0,0,0,0,0,0,5,.111,.111,.111,.222
Jeurys Familia,28,28,0,0,0,0,0,0,0,0,0,0,0,0,0,0,0
Buck Farmer,27,2,0,0,0,0,0,0,0,0,0,0,0,0,0,0,0
Kyle Farmer,27,30,69,61,1,14,3,0,0,6,0,5,13,.230,.304,.279,.583
Luke Farrell,27,7,2,2,0,0,0,0,0,0,0,0,2,.000,.000,.000,.000
Erick Fedde,25,1,2,1,0,0,0,0,0,0,0,1,1,.000,.500,.000,.500
Tim Federowicz,30,2,7,7,1,1,1,0,0,0,0,0,3,.143,.143,.286,.429
Michael Feliz,25,25,0,0,0,0,0,0,0,0,0,0,0,0,0,0,0
Caleb Ferguson,21,1,0,0,0,0,0,0,0,0,0,0,0,0,0,0,0
Johnny Field,26,37,123,117,17,30,7,0,6,14,3,3,35,.256,.287,.470,.757
Josh Fields,32,31,0,0,0,0,0,0,0,0,0,0,0,0,0,0,0
Brandon Finnegan,25,5,7,7,0,0,0,0,0,0,0,0,1,.000,.000,.000,.000
Derek Fisher,24,36,81,74,13,13,2,2,4,11,2,5,37,.176,.222,.419,.641
Jack Flaherty,22,6,14,12,0,1,0,0,0,0,0,0,7,.083,.083,.083,.167
Ryan Flaherty,31,43,133,117,15,32,6,0,2,11,3,15,29,.274,.361,.376,.737
Chris Flexen,23,1,0,0,0,0,0,0,0,0,0,0,0,0,0,0,0
Wilmer Flores,26,46,128,113,11,28,8,0,3,13,0,12,12,.248,.320,.398,.719
Pedro Florimon,31,33,62,57,11,15,5,1,2,5,1,5,20,.263,.323,.491,.814
Dylan Floro,27,16,4,3,0,0,0,0,0,0,0,0,2,.000,.000,.000,.000
Tyler Flowers,32,21,85,68,9,18,2,0,3,9,0,14,19,.265,.412,.426,.838
Mike Foltynewicz,26,12,24,22,1,2,1,0,0,2,0,0,16,.091,.091,.136,.227
Wilmer Font,28,7,2,0,0,0,0,0,0,0,0,0,0,0,0,0,0
Wilmer Font,28,6,2,0,0,0,0,0,0,0,0,0,0,0,0,0,0
Wilmer Font,28,1,0,0,0,0,0,0,0,0,0,0,0,0,0,0,0
Nolan Fontana,27,3,2,2,0,0,0,0,0,0,0,0,1,.000,.000,.000,.000
Logan Forsythe,31,31,113,104,9,22,6,0,1,8,1,8,14,.212,.265,.298,.564
Dexter Fowler,32,49,204,176,25,32,6,0,5,20,3,23,40,.182,.284,.301,.585
Dustin Fowler,23,23,75,68,7,16,1,1,3,11,4,5,10,.235,.293,.412,.705
Maikel Franco,25,55,204,189,20,47,6,1,8,32,0,12,31,.249,.289,.418,.707
Nick Franklin,27,1,2,2,0,0,0,0,0,0,0,0,0,.000,.000,.000,.000
Adam Frazier,26,56,152,135,23,32,3,2,3,8,0,14,22,.237,.318,.356,.673
Clint Frazier,23,3,11,8,3,3,1,0,0,1,0,3,2,.375,.545,.500,1.045
Todd Frazier,32,34,148,122,18,28,5,0,5,21,3,21,34,.230,.345,.393,.738
Kyle Freeland,25,12,30,26,3,3,1,0,0,1,0,2,14,.115,.179,.154,.332
Freddie Freeman,28,62,280,237,39,80,18,1,11,43,5,39,44,.338,.432,.561,.993
Sam Freeman,31,28,1,1,0,0,0,0,0,0,0,0,1,.000,.000,.000,.000
David Freese,35,42,103,91,13,23,4,0,4,14,0,9,24,.253,.320,.429,.749
David Freitas,29,21,62,53,6,11,4,0,0,3,0,7,15,.208,.300,.283,.583
Max Fried,24,5,2,2,0,0,0,0,0,0,0,0,1,.000,.000,.000,.000
Jace Fry,24,2,0,0,0,0,0,0,0,0,0,0,0,0,0,0,0
Carson Fulmer,24,1,0,0,0,0,0,0,0,0,0,0,0,0,0,0,0
Michael Fulmer,25,1,2,2,0,0,0,0,0,0,0,0,2,.000,.000,.000,.000
Cam Gallagher,25,8,25,24,2,5,2,0,0,2,0,1,4,.208,.240,.292,.532
Yovani Gallardo,32,3,0,0,0,0,0,0,0,0,0,0,0,0,0,0,0
Joey Gallo,24,63,254,226,35,46,10,0,17,37,2,26,90,.204,.291,.473,.765
Freddy Galvis,28,64,252,226,23,53,10,3,2,19,3,21,50,.235,.299,.332,.631
Ben Gamel,26,39,121,109,15,30,5,2,1,5,4,10,24,.275,.347,.385,.732
John Gant,25,7,7,6,0,0,0,0,0,0,0,0,3,.000,.000,.000,.000
Avisail Garcia,27,18,76,73,5,17,3,0,1,4,0,0,17,.233,.250,.315,.565
Greg Garcia,28,44,78,67,9,17,3,0,2,10,0,8,17,.254,.325,.388,.713
Jaime Garcia,31,2,4,4,0,0,0,0,0,0,0,0,4,.000,.000,.000,.000
Jarlin Garcia,25,11,11,9,0,0,0,0,0,0,0,1,7,.000,.100,.000,.100
Leury Garcia,27,39,131,122,10,32,3,2,2,14,9,5,28,.262,.308,.369,.677
Luis Garcia,31,26,0,0,0,0,0,0,0,0,0,0,0,0,0,0,0
Yimi Garcia,27,11,0,0,0,0,0,0,0,0,0,0,0,0,0,0,0
Brett Gardner,34,52,244,206,40,54,10,2,4,19,6,29,44,.262,.357,.388,.745
Amir Garrett,26,26,2,2,0,0,0,0,0,0,0,0,1,.000,.000,.000,.000
Mitch Garver,27,35,119,109,10,24,6,0,2,8,0,8,33,.220,.286,.330,.616
Evan Gattis,31,53,186,167,22,39,8,0,10,31,1,14,42,.234,.301,.461,.762
Sam Gaviglio,28,1,3,3,0,1,1,0,0,0,0,0,1,.333,.333,.667,1.000
Cory Gearrin,32,24,0,0,0,0,0,0,0,0,0,0,0,0,0,0,0
Scooter Gennett,28,61,246,227,32,78,15,0,12,44,1,14,48,.344,.381,.568,.949
Craig Gentry,34,46,99,90,7,19,2,1,0,7,8,8,22,.211,.276,.256,.531
Mike Gerber,25,3,2,2,0,0,0,0,0,0,0,0,1,.000,.000,.000,.000
Ken Giles,27,1,0,0,0,0,0,0,0,0,0,0,0,0,0,0,0
Chris Gimenez,35,4,11,11,1,3,0,0,0,0,0,0,1,.273,.273,.273,.545
Lucas Giolito,23,2,4,4,0,0,0,0,0,0,0,0,2,.000,.000,.000,.000
Mychal Givens,28,1,0,0,0,0,0,0,0,0,0,0,0,0,0,0,0
Tyler Glasnow,24,17,2,2,0,0,0,0,0,0,0,0,2,.000,.000,.000,.000
Zack Godley,28,12,22,20,0,2,0,0,0,1,0,0,14,.100,.100,.100,.200
Erik Goeddel,29,10,0,0,0,0,0,0,0,0,0,0,0,0,0,0,0
Luiz Gohara,21,5,2,2,0,0,0,0,0,0,0,0,2,.000,.000,.000,.000
Ryan Goins,30,30,90,85,8,21,5,1,0,6,0,4,25,.247,.281,.329,.610
Paul Goldschmidt,30,60,256,219,35,51,13,3,8,22,2,33,75,.233,.344,.429,.773
Austin Gomber,24,2,1,1,0,0,0,0,0,0,0,0,0,.000,.000,.000,.000
Yan Gomes,30,42,166,153,18,36,8,0,6,13,0,9,56,.235,.289,.405,.694
Carlos Gomez,32,48,200,181,21,35,4,2,7,14,4,10,53,.193,.266,.354,.620
Miguel Gomez,25,9,15,15,3,4,0,0,0,1,0,0,5,.267,.267,.267,.533
Roberto Gomez,28,5,2,2,0,0,0,0,0,0,0,0,2,.000,.000,.000,.000
Marco Gonzales,26,1,3,2,0,0,0,0,0,0,0,0,2,.000,.000,.000,.000
Adrian Gonzalez,36,51,178,160,15,39,4,0,6,26,0,15,28,.244,.309,.381,.690
Alfredo Gonzalez,25,3,9,9,0,1,0,0,0,1,0,0,4,.111,.111,.111,.222
Carlos Gonzalez,32,46,165,153,16,41,6,2,6,26,3,10,40,.268,.309,.451,.760
Erik Gonzalez,26,28,49,46,8,16,4,1,1,9,0,3,12,.348,.388,.543,.931
Gio Gonzalez,32,11,24,23,0,1,0,0,0,0,0,0,15,.043,.043,.043,.087
Marwin Gonzalez,29,57,218,193,18,46,8,2,4,29,2,19,56,.238,.307,.363,.670
Merandy Gonzalez,22,6,2,2,0,1,0,0,0,0,0,0,1,.500,.500,.500,1.000
Niko Goodrum,26,45,148,132,17,32,10,1,5,17,5,15,39,.242,.324,.447,.771
Brian Goodwin,27,17,43,33,3,6,0,0,1,8,3,6,18,.182,.333,.273,.606
Alex Gordon,34,47,185,171,15,44,4,0,4,14,3,11,39,.257,.314,.351,.664
Dee Gordon,30,52,232,216,27,63,11,2,1,15,19,4,34,.292,.313,.375,.688
Philip Gosselin,29,20,28,24,5,3,0,0,1,2,0,4,8,.125,.250,.250,.500
Trevor Gott,25,17,0,0,0,0,0,0,0,0,0,0,0,0,0,0,0
Matt Grace,29,11,0,0,0,0,0,0,0,0,0,0,0,0,0,0,0
Yasmani Grandal,29,53,211,181,28,44,9,0,9,33,1,25,47,.243,.341,.442,.783
Curtis Granderson,37,51,173,144,23,31,8,1,5,17,1,27,55,.215,.347,.389,.736
Juan Graterol,29,1,1,1,0,1,0,0,0,0,0,0,0,1.000,1.000,1.000,2.000
Jon Gray,26,13,25,20,0,3,1,0,0,0,0,2,10,.150,.227,.200,.427
Shane Greene,29,1,0,0,0,0,0,0,0,0,0,0,0,0,0,0,0
Luke Gregerson,34,11,0,0,0,0,0,0,0,0,0,0,0,0,0,0,0
Didi Gregorius,28,55,241,211,39,51,11,1,11,36,8,24,35,.242,.320,.460,.779
Grayson Greiner,25,8,30,26,2,7,2,0,0,4,0,3,6,.269,.333,.346,.679
Zack Greinke,34,11,25,19,2,4,2,0,0,2,1,3,5,.211,.318,.316,.634
Randal Grichuk,26,30,93,82,9,12,5,0,3,12,1,7,25,.146,.226,.317,.543
Robbie Grossman,28,50,165,141,14,32,9,0,1,15,0,21,35,.227,.321,.312,.633
Robert Gsellman,24,28,4,3,1,0,0,0,0,0,0,0,2,.000,.250,.000,.250
Javy Guerra,22,2,2,2,0,0,0,0,0,0,0,0,2,.000,.000,.000,.000
Junior Guerra,33,9,15,14,0,0,0,0,0,0,0,0,5,.000,.000,.000,.000
Tayron Guerrero,27,29,0,0,0,0,0,0,0,0,0,0,0,0,0,0,0
Luis Guillorme,23,21,53,51,1,10,2,0,0,4,1,2,3,.196,.226,.235,.462
Preston Guilmet,30,2,0,0,0,0,0,0,0,0,0,0,0,0,0,0,0
Lourdes Gurriel,24,20,70,68,5,14,1,0,2,7,1,2,17,.206,.229,.309,.537
Yuli Gurriel,34,48,205,194,24,55,13,0,1,21,2,7,24,.284,.307,.366,.673
Brandon Guyer,32,33,90,80,6,12,5,0,3,10,0,8,22,.150,.244,.325,.569
Ronald Guzman,23,44,160,145,14,32,6,2,7,27,1,12,51,.221,.294,.434,.728
Jedd Gyorko,29,44,126,113,11,30,5,0,4,17,1,11,30,.265,.333,.416,.749
Josh Hader,24,17,1,1,1,1,0,0,0,0,0,0,0,1.000,1.000,1.000,2.000
Billy Hamilton,27,60,214,190,27,37,4,3,2,14,10,24,66,.195,.285,.279,.564
Jason Hammel,35,1,3,3,0,0,0,0,0,0,0,0,2,.000,.000,.000,.000
Justin Hancock,27,7,2,2,0,0,0,0,0,0,0,0,2,.000,.000,.000,.000
Brad Hand,28,27,1,1,0,0,0,0,0,0,0,0,0,.000,.000,.000,.000
Mitch Haniger,27,61,258,223,31,61,11,2,13,46,3,29,58,.274,.360,.516,.876
Alen Hanson,25,19,57,52,12,18,6,0,5,16,3,4,9,.346,.386,.750,1.136
Ian Happ,23,52,169,142,22,33,7,1,8,19,4,26,69,.232,.355,.465,.820
J.A. Happ,35,2,7,6,2,2,0,0,0,0,0,1,3,.333,.429,.333,.762
Bryce Harper,25,60,264,210,38,48,6,0,18,40,5,48,59,.229,.367,.514,.882
Will Harris,33,1,0,0,0,0,0,0,0,0,0,0,0,0,0,0,0
Josh Harrison,30,29,131,119,17,34,5,1,2,13,1,7,19,.286,.336,.395,.731
Matt Harvey,29,13,17,17,0,2,0,0,0,0,0,0,7,.118,.118,.118,.235
Matt Harvey,29,8,7,7,0,2,0,0,0,0,0,0,2,.286,.286,.286,.571
Matt Harvey,29,5,10,10,0,0,0,0,0,0,0,0,5,.000,.000,.000,.000
Chris Hatcher,33,1,0,0,0,0,0,0,0,0,0,0,0,0,0,0,0
Chase Headley,34,27,60,52,2,6,1,0,0,4,0,6,20,.115,.233,.135,.368
Ryon Healy,26,45,180,172,23,42,7,0,9,26,0,8,43,.244,.278,.442,.720
Andrew Heaney,27,1,2,2,0,0,0,0,0,0,0,0,2,.000,.000,.000,.000
Adeiny Hechavarria,29,36,144,132,14,36,3,0,2,16,0,7,20,.273,.303,.341,.644
Austin Hedges,25,24,81,75,5,13,3,0,2,10,0,6,30,.173,.235,.293,.528
Jeremy Hellickson,31,8,15,14,0,1,1,0,0,1,0,0,5,.071,.071,.143,.214
Heath Hembree,29,2,0,0,0,0,0,0,0,0,0,0,0,0,0,0,0
Kyle Hendricks,28,12,26,26,0,2,1,0,0,1,0,0,11,.077,.077,.115,.192
Liam Hendriks,29,1,0,0,0,0,0,0,0,0,0,0,0,0,0,0,0
Guillermo Heredia,27,47,142,114,12,29,5,1,2,7,1,19,23,.254,.372,.368,.741
Michael Hermosillo,23,9,21,18,2,3,2,0,0,0,0,1,5,.167,.286,.278,.563
Cesar Hernandez,28,60,270,227,41,58,9,1,7,21,10,42,60,.256,.370,.396,.767
David Hernandez,33,14,1,1,0,0,0,0,0,0,0,0,0,.000,.000,.000,.000
Elieser Hernandez,23,6,6,6,0,0,0,0,0,0,0,0,5,.000,.000,.000,.000
Enrique Hernandez,26,55,154,135,18,28,4,1,7,17,0,17,37,.207,.292,.407,.700
Felix Hernandez,32,1,2,2,0,0,0,0,0,0,0,0,0,.000,.000,.000,.000
Gorkys Hernandez,30,52,149,138,18,39,3,1,6,11,3,9,46,.283,.324,.449,.774
Teoscar Hernandez,25,45,200,186,27,47,14,4,9,25,3,11,45,.253,.300,.516,.816
Kelvin Herrera,28,2,0,0,0,0,0,0,0,0,0,0,0,0,0,0,0
Odubel Herrera,26,59,247,223,27,68,12,1,7,32,2,20,44,.305,.368,.462,.830
Rosell Herrera,25,11,13,13,0,2,0,0,0,0,0,0,5,.154,.154,.154,.308
Chris Herrmann,30,1,4,4,0,1,0,0,0,0,0,0,2,.250,.250,.250,.500
Jason Heyward,28,45,173,153,21,40,5,3,3,25,0,15,19,.261,.327,.392,.720
Aaron Hicks,28,44,184,154,25,39,7,2,6,26,6,25,31,.253,.355,.442,.797
John Hicks,28,39,154,144,19,40,8,0,5,22,0,9,41,.278,.318,.438,.756
Jordan Hicks,21,27,0,0,0,0,0,0,0,0,0,0,0,0,0,0,0
Trevor Hildenberger,27,3,0,0,0,0,0,0,0,0,0,0,0,0,0,0,0
Rich Hill,38,6,6,6,0,0,0,0,0,0,0,0,3,.000,.000,.000,.000
Yoshihisa Hirano,34,27,0,0,0,0,0,0,0,0,0,0,0,0,0,0,0
Bryan Holaday,30,22,59,55,4,9,1,0,1,4,0,4,8,.164,.220,.236,.457
Jonathan Holder,25,1,0,0,0,0,0,0,0,0,0,0,0,0,0,0,0
Derek Holland,31,11,20,19,0,1,0,0,0,0,0,0,13,.053,.053,.053,.105
Greg Holland,32,17,0,0,0,0,0,0,0,0,0,0,0,0,0,0,0
Clay Holmes,25,1,1,1,0,0,0,0,0,0,0,0,1,.000,.000,.000,.000
Brock Holt,30,33,108,95,13,30,9,1,1,14,3,11,15,.316,.389,.463,.852
J.J. Hoover,30,2,0,0,0,0,0,0,0,0,0,0,0,0,0,0,0
Rhys Hoskins,25,52,216,176,28,41,14,0,6,28,3,34,61,.233,.363,.415,.778
Eric Hosmer,28,60,259,228,31,65,18,1,7,28,3,31,56,.285,.371,.465,.836
Adrian Houser,25,2,0,0,0,0,0,0,0,0,0,0,0,0,0,0,0
Daniel Hudson,31,18,2,2,0,0,0,0,0,0,0,0,1,.000,.000,.000,.000
Jared Hughes,32,28,0,0,0,0,0,0,0,0,0,0,0,0,0,0,0
Phil Hughes,32,5,0,0,0,0,0,0,0,0,0,0,0,0,0,0,0
Phil Hughes,32,1,0,0,0,0,0,0,0,0,0,0,0,0,0,0,0
Phil Hughes,32,4,0,0,0,0,0,0,0,0,0,0,0,0,0,0,0
Nick Hundley,34,34,98,94,13,25,4,1,6,16,0,4,25,.266,.296,.521,.817
Tommy Hunter,31,17,0,0,0,0,0,0,0,0,0,0,0,0,0,0,0
Drew Hutchison,27,10,4,3,0,1,0,0,0,0,0,1,1,.333,.500,.333,.833
Chris Iannetta,35,39,154,132,17,30,8,0,5,16,0,18,38,.227,.327,.402,.728
Jose Iglesias,28,60,229,211,23,55,17,1,2,23,9,11,25,.261,.308,.379,.688
Raisel Iglesias,28,23,1,1,0,0,0,0,0,0,0,0,1,.000,.000,.000,.000
Ender Inciarte,27,60,270,246,30,60,8,2,4,22,18,21,37,.244,.305,.341,.646
Austin Jackson,31,44,139,124,10,31,6,0,0,12,2,14,50,.250,.324,.298,.622
Luke Jackson,26,3,1,1,0,0,0,0,0,0,0,0,0,.000,.000,.000,.000
Travis Jankowski,27,34,126,113,15,35,2,2,1,5,10,12,23,.310,.381,.389,.770
Kenley Jansen,30,27,0,0,0,0,0,0,0,0,0,0,0,0,0,0,0
Jon Jay,33,59,266,238,28,73,9,2,1,18,3,19,39,.307,.363,.374,.737
Jeremy Jeffress,30,25,0,0,0,0,0,0,0,0,0,0,0,0,0,0,0
Dan Jennings,31,22,3,3,1,2,1,0,0,0,0,0,1,.667,.667,1.000,1.667
Joe Jimenez,23,2,0,0,0,0,0,0,0,0,0,0,0,0,0,0,0
Brian Johnson,27,1,2,2,0,0,0,0,0,0,0,0,1,.000,.000,.000,.000
Pierce Johnson,27,21,0,0,0,0,0,0,0,0,0,0,0,0,0,0,0
Adam Jones,32,59,254,245,26,69,14,0,10,28,0,6,42,.282,.299,.461,.760
JaCoby Jones,26,58,217,201,25,44,12,4,4,15,5,7,59,.219,.267,.378,.645
Nate Jones,32,3,0,0,0,0,0,0,0,0,0,0,0,0,0,0,0
Caleb Joseph,32,24,80,77,5,14,4,2,1,3,0,1,24,.182,.203,.325,.527
Matthew Joyce,33,55,199,168,23,33,8,0,7,13,0,27,46,.196,.308,.369,.677
Aaron Judge,26,58,267,219,43,60,13,0,17,43,3,45,84,.274,.401,.566,.967
Jakob Junis,25,1,1,1,0,0,0,0,0,0,0,0,1,.000,.000,.000,.000
Brad Keller,22,2,0,0,0,0,0,0,0,0,0,0,0,0,0,0,0
Shawn Kelley,34,14,0,0,0,0,0,0,0,0,0,0,0,0,0,0,0
Carson Kelly,23,12,29,25,0,2,0,0,0,2,0,1,6,.080,.148,.080,.228
Joe Kelly,30,1,0,0,0,0,0,0,0,0,0,0,0,0,0,0,0
Matt Kemp,33,60,208,192,28,67,16,0,10,40,0,11,45,.349,.380,.589,.968
Tony Kemp,26,18,65,54,6,15,3,0,1,9,2,7,6,.278,.365,.389,.754
Howie Kendrick,34,40,160,152,17,46,14,0,4,12,1,5,29,.303,.331,.474,.805
Ian Kennedy,33,1,2,2,0,1,0,0,0,0,0,0,0,.500,.500,.500,1.000
Max Kepler,25,58,235,206,26,49,16,2,7,24,0,28,35,.238,.328,.437,.765
Clayton Kershaw,30,9,17,16,0,3,0,0,0,0,0,0,6,.188,.188,.188,.375
Spencer Kieboom,27,6,21,21,0,3,0,0,0,1,0,0,5,.143,.143,.143,.286
Kevin Kiermaier,28,12,48,43,6,7,1,1,0,1,1,5,18,.163,.250,.233,.483
Craig Kimbrel,30,1,0,0,0,0,0,0,0,0,0,0,0,0,0,0,0
Isiah Kiner-Falefa,23,49,203,176,23,43,8,2,2,17,5,18,29,.244,.323,.347,.670
Scott Kingery,24,56,203,189,21,40,12,1,2,16,4,11,50,.212,.261,.317,.579
Nick Kingham,26,5,10,8,0,0,0,0,0,0,0,1,3,.000,.200,.000,.200
Ian Kinsler,36,49,213,193,22,41,11,0,6,14,6,17,20,.212,.277,.363,.640
Brandon Kintzler,33,28,0,0,0,0,0,0,0,0,0,0,0,0,0,0,0
Jason Kipnis,31,59,257,229,24,47,14,0,3,22,2,24,52,.205,.285,.306,.591
Corey Kluber,32,1,2,2,0,0,0,0,0,0,0,0,1,.000,.000,.000,.000
Andrew Knapp,26,27,82,71,6,12,0,1,0,3,1,11,29,.169,.280,.197,.478
Corey Knebel,26,11,0,0,0,0,0,0,0,0,0,0,0,0,0,0,0
Matt Koch,27,10,16,12,1,1,0,0,0,0,0,3,8,.083,.267,.083,.350
George Kontos,33,18,0,0,0,0,0,0,0,0,0,0,0,0,0,0,0
Pete Kozma,30,15,41,40,4,7,2,0,1,6,0,1,7,.175,.195,.300,.495
Erik Kratz,38,4,17,16,3,8,0,0,2,2,0,0,1,.500,.529,.875,1.404
Chad Kuhl,25,13,23,17,2,3,0,0,0,1,0,0,5,.176,.176,.176,.353
Tommy La Stella,29,49,84,73,11,24,2,0,0,13,0,9,10,.329,.402,.356,.759
Juan Lagares,29,30,64,59,9,20,1,1,0,6,3,3,9,.339,.375,.390,.765
Ryan LaMarre,29,31,77,71,4,20,4,0,0,7,1,5,25,.282,.338,.338,.676
Jake Lamb,27,20,82,66,8,16,4,0,2,13,0,14,19,.242,.366,.394,.760
Eric Lauer,23,8,12,10,1,2,1,0,0,1,0,0,5,.200,.182,.300,.482
Derek Law,27,4,1,1,1,1,0,0,0,0,0,0,0,1.000,1.000,1.000,2.000
Wade LeBlanc,33,1,0,0,0,0,0,0,0,0,0,0,0,0,0,0,0
Braxton Lee,24,8,18,17,0,3,0,0,0,2,0,1,8,.176,.222,.176,.399
Mark Leiter,27,1,0,0,0,0,0,0,0,0,0,0,0,0,0,0,0
DJ LeMahieu,29,38,175,158,28,44,10,0,5,18,3,15,24,.278,.339,.437,.776
Sandy Leon,29,25,84,79,11,20,3,0,2,8,1,4,21,.253,.298,.367,.665
Dominic Leone,26,16,0,0,0,0,0,0,0,0,0,0,0,0,0,0,0
Jon Lester,34,13,29,26,1,4,0,0,0,3,0,0,9,.154,.154,.154,.308
Artie Lewicki,26,1,0,0,0,0,0,0,0,0,0,0,0,0,0,0,0
Adam Liberatore,31,12,0,0,0,0,0,0,0,0,0,0,0,0,0,0,0
Tzu-Wei Lin,24,14,36,32,3,6,2,0,0,1,0,4,7,.188,.278,.250,.528
Francisco Lindor,24,59,280,247,46,73,20,0,14,35,6,27,51,.296,.371,.547,.917
Ben Lively,26,5,7,7,0,0,0,0,0,0,0,0,2,.000,.000,.000,.000
Jose Lobaton,33,19,53,46,3,7,2,1,0,3,0,7,14,.152,.264,.239,.503
Tim Locastro,25,8,14,11,1,2,1,0,0,0,1,2,5,.182,.357,.273,.630
Walker Lockett,24,1,1,1,0,0,0,0,0,0,0,0,1,.000,.000,.000,.000
Boone Logan,33,8,0,0,0,0,0,0,0,0,0,0,0,0,0,0,0
Evan Longoria,32,60,244,233,27,57,16,1,10,31,1,9,54,.245,.275,.451,.725
Jorge Lopez,25,6,1,1,1,1,1,0,0,2,0,0,0,1.000,1.000,2.000,3.000
Rafael Lopez,30,24,82,71,10,13,0,0,3,11,1,9,28,.183,.268,.310,.578
Reynaldo Lopez,24,1,1,1,0,0,0,0,0,0,0,0,1,.000,.000,.000,.000
Michael Lorenzen,26,8,3,3,0,1,0,0,0,0,0,0,1,.333,.333,.333,.667
Aaron Loup,30,2,0,0,0,0,0,0,0,0,0,0,0,0,0,0,0
Jed Lowrie,34,62,273,245,25,72,17,1,9,42,0,26,58,.294,.359,.482,.841
Joey Lucchesi,25,9,16,13,0,0,0,0,0,0,0,3,8,.000,.188,.000,.188
Jonathan Lucroy,32,49,185,170,18,44,11,1,1,13,0,12,27,.259,.315,.353,.668
Seth Lugo,28,22,6,5,0,0,0,0,0,0,0,1,4,.000,.167,.000,.167
Jordan Lyles,27,19,13,9,2,0,0,0,0,1,0,2,5,.000,.182,.000,.182
Lance Lynn,31,1,1,1,0,0,0,0,0,0,0,0,0,.000,.000,.000,.000
Tyler Lyons,30,22,0,0,0,0,0,0,0,0,0,0,0,0,0,0,0
Dixon Machado,26,56,200,186,20,40,13,0,1,19,1,11,34,.215,.265,.301,.566
Manny Machado,25,61,267,236,32,76,15,0,18,50,3,28,37,.322,.390,.614,1.004
Ryan Madson,37,23,0,0,0,0,0,0,0,0,0,0,0,0,0,0,0
Kenta Maeda,30,12,20,16,0,2,0,0,0,0,0,0,5,.125,.125,.125,.250
Matt Magill,28,1,0,0,0,0,0,0,0,0,0,0,0,0,0,0,0
Tyler Mahle,23,13,23,19,0,2,1,0,0,0,0,1,5,.105,.150,.158,.308
Mikie Mahtook,28,21,75,69,4,13,3,1,0,4,2,4,19,.188,.227,.261,.488
Luke Maile,27,30,109,95,17,25,6,1,3,15,1,14,37,.263,.358,.442,.800
Kazuhisa Makita,33,18,0,0,0,0,0,0,0,0,0,0,0,0,0,0,0
Martin Maldonado,31,46,169,154,14,38,8,0,3,19,0,8,39,.247,.304,.357,.661
Sean Manaea,26,1,1,1,0,0,0,0,0,0,0,0,0,.000,.000,.000,.000
Trey Mancini,26,59,253,225,30,52,10,0,7,17,0,24,58,.231,.308,.369,.677
Manuel Margot,23,49,183,165,16,35,10,2,1,16,6,14,35,.212,.280,.315,.595
Jake Marisnick,27,45,120,116,13,18,3,0,4,12,2,3,56,.155,.176,.284,.461
Mike Marjama,28,10,29,27,1,3,3,0,0,0,0,2,6,.111,.172,.222,.395
Nick Markakis,34,62,278,247,39,81,18,0,8,42,1,28,27,.328,.392,.498,.890
German Marquez,23,12,21,20,0,5,0,0,0,0,0,0,5,.250,.250,.250,.500
Deven Marrero,27,41,73,67,10,11,1,1,0,6,3,5,19,.164,.219,.209,.428
Evan Marshall,28,1,0,0,0,0,0,0,0,0,0,0,0,0,0,0,0
Jefry Marte,27,37,88,82,11,22,4,1,3,10,0,6,17,.268,.318,.451,.769
Ketel Marte,24,58,228,212,22,49,10,6,3,19,1,15,28,.231,.285,.377,.662
Starling Marte,29,52,220,201,33,58,7,4,7,24,13,17,48,.289,.345,.468,.813
Leonys Martin,30,51,217,197,36,51,11,3,8,22,2,19,42,.259,.327,.467,.794
Russell Martin,35,42,167,139,17,23,4,0,5,14,0,24,43,.165,.305,.302,.608
Carlos Martinez,26,10,18,16,1,3,0,0,1,1,0,0,7,.188,.188,.375,.563
J.D. Martinez,30,60,254,229,40,72,14,1,20,52,1,22,60,.314,.374,.646,1.020
Jose Martinez,29,57,240,212,25,66,16,0,6,35,0,23,33,.311,.379,.472,.851
Victor Martinez,39,56,213,190,13,46,9,0,4,23,0,19,23,.242,.310,.353,.662
Nick Martini,28,2,5,5,0,0,0,0,0,0,0,0,0,.000,.000,.000,.000
Jeff Mathis,35,22,67,55,4,10,1,0,0,3,0,11,20,.182,.313,.200,.513
Phil Maton,25,14,0,0,0,0,0,0,0,0,0,0,0,0,0,0,0
Steven Matz,27,11,20,18,0,2,1,0,0,0,0,1,6,.111,.158,.167,.325
Joe Mauer,35,38,167,138,18,39,7,0,1,11,0,28,22,.283,.404,.355,.759
Bruce Maxwell,27,18,58,55,5,10,4,0,1,6,0,2,13,.182,.207,.309,.516
Cameron Maybin,31,57,158,139,9,32,9,1,0,9,2,17,32,.230,.316,.309,.626
Mike Mayers,26,12,1,0,0,0,0,0,0,0,0,1,0,0,1.000,0,0
Nomar Mazara,23,64,267,240,36,64,12,1,14,39,1,24,59,.267,.341,.500,.841
Cory Mazzoni,28,5,0,0,0,0,0,0,0,0,0,0,0,0,0,0,0
Zach McAllister,30,1,0,0,0,0,0,0,0,0,0,0,0,0,0,0,0
Brian McCann,34,37,131,114,15,25,3,0,4,14,0,12,25,.219,.313,.351,.664
James McCann,28,48,195,177,17,44,9,0,4,20,0,15,37,.249,.308,.367,.675
Brandon McCarthy,34,12,26,24,1,2,1,0,0,2,0,0,16,.083,.083,.125,.208
Kevin McCarthy,26,1,0,0,0,0,0,0,0,0,0,0,0,0,0,0,0
Andrew McCutchen,31,59,257,221,32,56,18,2,5,27,4,32,60,.253,.350,.421,.771
T.J. McFarland,29,20,6,6,0,0,0,0,0,0,0,0,5,.000,.000,.000,.000
Jake McGee,31,25,0,0,0,0,0,0,0,0,0,0,0,0,0,0,0
Kyle McGrath,25,4,1,1,0,0,0,0,0,0,0,0,0,.000,.000,.000,.000
Deck McGuire,29,1,1,1,0,1,0,0,0,0,0,0,0,1.000,1.000,1.000,2.000
Collin McHugh,31,1,0,0,0,0,0,0,0,0,0,0,0,0,0,0,0
Billy McKinney,23,2,4,4,0,1,0,0,0,0,0,0,1,.250,.250,.250,.500
Ryan McMahon,23,38,91,81,4,17,4,1,0,4,0,10,30,.210,.297,.284,.581
Austin Meadows,23,18,65,60,10,22,3,1,5,8,3,4,6,.367,.400,.700,1.100
Kris Medlen,32,1,1,1,0,0,0,0,0,0,0,0,1,.000,.000,.000,.000
Mark Melancon,33,2,0,0,0,0,0,0,0,0,0,0,0,0,0,0,0
Daniel Mengden,25,1,3,3,1,1,0,0,0,1,0,0,1,.333,.333,.333,.667
Jordy Mercer,31,54,210,189,22,48,11,2,3,17,0,16,37,.254,.314,.381,.695
Whit Merrifield,29,60,271,236,29,67,18,0,4,22,14,26,44,.284,.363,.411,.774
Devin Mesoraco,30,37,113,101,13,22,4,0,6,13,0,9,22,.218,.301,.436,.737
Devin Mesoraco,30,18,45,41,1,9,2,0,1,3,0,2,10,.220,.289,.341,.630
Devin Mesoraco,30,19,68,60,12,13,2,0,5,10,0,7,12,.217,.309,.500,.809
Ben Meyer,25,1,0,0,0,0,0,0,0,0,0,0,0,0,0,0,0
Miles Mikolas,29,12,29,24,1,1,0,0,1,2,0,2,14,.042,.115,.167,.282
Wade Miley,31,2,2,2,0,1,0,0,0,0,0,0,0,.500,.500,.500,1.000
Andrew Miller,33,2,1,1,0,0,0,0,0,0,0,0,1,.000,.000,.000,.000
Brad Miller,28,48,174,156,16,40,10,1,5,21,0,16,51,.256,.322,.429,.751
Justin Miller,31,4,0,0,0,0,0,0,0,0,0,0,0,0,0,0,0
Hoby Milner,27,9,0,0,0,0,0,0,0,0,0,0,0,0,0,0,0
A.J. Minter,24,23,0,0,0,0,0,0,0,0,0,0,0,0,0,0,0
Bryan Mitchell,27,11,12,12,0,2,0,0,0,0,0,0,5,.167,.167,.167,.333
Yadier Molina,35,32,127,121,11,32,3,0,6,18,2,4,19,.264,.283,.438,.721
Yoan Moncada,23,52,233,207,29,50,12,2,8,22,7,24,79,.242,.319,.435,.754
Miguel Montero,34,4,13,11,0,0,0,0,0,0,0,2,3,.000,.154,.000,.154
Mike Montgomery,28,19,6,5,0,1,0,0,0,0,0,0,3,.200,.200,.200,.400
Kendrys Morales,35,45,164,148,9,30,6,0,4,18,2,14,37,.203,.268,.324,.593
Colin Moran,25,55,193,168,21,46,9,0,5,25,0,20,30,.274,.358,.417,.774
Mitch Moreland,32,47,169,152,25,46,13,2,10,30,1,16,35,.303,.367,.612,.979
Adam Morgan,28,23,0,0,0,0,0,0,0,0,0,0,0,0,0,0,0
Max Moroff,25,16,39,37,3,8,1,0,2,6,0,1,19,.216,.256,.405,.662
Reyes Moronta,25,24,1,1,0,0,0,0,0,0,0,0,1,.000,.000,.000,.000
Akeel Morris,25,1,0,0,0,0,0,0,0,0,0,0,0,0,0,0,0
Logan Morrison,30,53,207,178,21,35,9,0,6,19,0,26,44,.197,.309,.348,.657
Brandon Morrow,33,25,0,0,0,0,0,0,0,0,0,0,0,0,0,0,0
Charlie Morton,34,1,2,2,0,1,0,0,0,0,0,0,1,.500,.500,.500,1.000
Taylor Motter,28,7,17,15,2,4,0,0,1,1,0,2,5,.267,.353,.467,.820
Mike Moustakas,29,62,268,243,32,66,16,1,12,40,1,20,38,.272,.328,.494,.822
Peter Moylan,39,24,0,0,0,0,0,0,0,0,0,0,0,0,0,0,0
Max Muncy,27,41,140,118,18,30,6,0,9,23,1,20,36,.254,.364,.534,.898
Yairo Munoz,23,27,74,67,6,19,2,0,2,12,1,6,23,.284,.338,.403,.741
J.R. Murphy,27,37,95,91,13,23,5,0,8,17,0,3,26,.253,.277,.571,.848
Harrison Musgrave,26,9,1,1,0,0,0,0,0,0,0,0,0,.000,.000,.000,.000
Joe Musgrove,25,3,5,4,1,2,0,0,0,0,0,0,1,.500,.500,.500,1.000
Wil Myers,27,10,40,40,5,12,3,0,1,3,1,0,11,.300,.300,.450,.750
Tyler Naquin,27,30,79,75,9,25,3,0,2,11,0,3,21,.333,.367,.453,.820
Omar Narvaez,26,34,104,91,3,17,6,0,0,3,0,12,22,.187,.282,.253,.534
Efren Navarro,32,4,6,6,0,1,0,0,0,0,0,0,4,.167,.167,.167,.333
Zach Neal,29,1,0,0,0,0,0,0,0,0,0,0,0,0,0,0,0
Kristopher Negron,32,2,3,3,0,1,0,0,0,1,0,0,0,.333,.333,.333,.667
Hector Neris,29,23,1,1,0,0,0,0,0,0,0,0,1,.000,.000,.000,.000
Dovydas Neverauskas,25,5,0,0,0,0,0,0,0,0,0,0,0,0,0,0,0
Sean Newcomb,25,10,24,19,3,2,1,0,0,1,0,1,12,.105,.150,.158,.308
Gift Ngoepe,28,13,19,18,2,1,0,0,0,0,0,1,12,.056,.105,.056,.161
Juan Nicasio,31,1,0,0,0,0,0,0,0,0,0,0,0,0,0,0,0
Tomas Nido,24,21,48,44,4,7,1,0,0,3,0,3,16,.159,.208,.182,.390
Brandon Nimmo,25,50,167,135,26,36,7,4,7,14,6,24,41,.267,.407,.533,.941
Aaron Nola,25,13,29,24,0,1,0,0,0,0,0,1,13,.042,.080,.042,.122
Bud Norris,33,26,0,0,0,0,0,0,0,0,0,0,0,0,0,0,0
Daniel Norris,25,1,0,0,0,0,0,0,0,0,0,0,0,0,0,0,0
Jacob Nottingham,23,3,7,5,1,0,0,0,0,0,0,2,1,.000,.286,.000,.286
Ivan Nova,31,9,21,21,0,0,0,0,0,0,0,0,9,.000,.000,.000,.000
Eduardo Nunez,31,54,222,213,27,55,13,0,4,15,3,5,42,.258,.276,.376,.652
Renato Nunez,24,13,41,36,2,6,1,0,1,2,0,3,12,.167,.244,.278,.522
Chris O'Grady,28,7,0,0,0,0,0,0,0,0,0,0,0,0,0,0,0
Tyler O'Neill,23,16,41,38,6,9,1,0,3,7,0,1,18,.237,.268,.500,.768
Scott Oberg,28,16,0,0,0,0,0,0,0,0,0,0,0,0,0,0,0
Rougned Odor,24,37,137,125,11,27,8,0,1,14,1,8,35,.216,.267,.304,.571
Jake Odorizzi,28,2,5,3,0,0,0,0,0,0,0,0,2,.000,.000,.000,.000
Seunghwan Oh,35,2,0,0,0,0,0,0,0,0,0,0,0,0,0,0,0
Shohei Ohtani,23,34,129,114,17,33,8,1,6,20,1,15,33,.289,.372,.535,.907
Matt Olson,24,63,254,226,32,58,12,0,13,32,2,24,69,.257,.339,.482,.821
Tyler Olson,28,1,0,0,0,0,0,0,0,0,0,0,0,0,0,0,0
Paulo Orlando,32,14,53,51,3,9,2,0,0,4,0,2,14,.176,.208,.216,.423
Josh Osich,29,10,0,0,0,0,0,0,0,0,0,0,0,0,0,0,0
Jose Osuna,25,14,30,29,3,7,1,0,2,6,0,1,5,.241,.267,.483,.749
Corey Oswalt,24,1,1,1,0,0,0,0,0,0,0,0,1,.000,.000,.000,.000
Dan Otero,33,1,0,0,0,0,0,0,0,0,0,0,0,0,0,0,0
Adam Ottavino,32,27,0,0,0,0,0,0,0,0,0,0,0,0,0,0,0
Chris Owings,26,54,184,169,20,32,8,0,3,13,6,15,49,.189,.255,.290,.545
Marcell Ozuna,27,56,236,218,23,60,6,0,5,30,2,16,43,.275,.323,.372,.695
Emilio Pagan,27,1,0,0,0,0,0,0,0,0,0,0,0,0,0,0,0
Daniel Palka,26,33,119,114,14,31,6,3,6,20,2,5,31,.272,.303,.535,.838
Joe Panik,27,29,127,112,17,30,1,1,3,7,0,10,7,.268,.341,.375,.716
Edward Paredes,31,2,0,0,0,0,0,0,0,0,0,0,0,0,0,0,0
Blake Parker,33,1,0,0,0,0,0,0,0,0,0,0,0,0,0,0,0
Gerardo Parra,31,56,192,181,22,52,8,0,3,19,5,10,32,.287,.325,.381,.706
James Pazos,27,1,0,0,0,0,0,0,0,0,0,0,0,0,0,0,0
Brad Peacock,30,1,0,0,0,0,0,0,0,0,0,0,0,0,0,0,0
Steve Pearce,35,22,72,66,14,18,5,0,3,13,0,6,11,.273,.333,.485,.818
Joc Pederson,26,58,167,147,25,40,11,3,6,25,1,17,24,.272,.347,.510,.858
Dustin Pedroia,34,3,13,11,1,1,0,0,0,0,0,2,1,.091,.231,.091,.322
Francisco Pena,28,28,84,79,7,17,2,0,2,4,0,3,21,.215,.250,.316,.566
Hunter Pence,35,21,68,63,4,12,1,0,0,3,1,4,23,.190,.235,.206,.442
Cliff Pennington,34,16,34,29,1,4,0,0,0,0,0,5,13,.138,.265,.138,.403
David Peralta,30,55,238,215,26,55,8,1,10,27,2,20,56,.256,.324,.442,.765
Freddy Peralta,22,1,3,3,0,0,0,0,0,0,0,0,2,.000,.000,.000,.000
Wandy Peralta,26,32,3,1,0,0,0,0,0,0,0,0,1,.000,.000,.000,.000
Jose Peraza,24,61,259,241,32,64,11,0,2,16,9,9,28,.266,.298,.336,.634
Luis Perdomo,25,3,3,2,0,1,0,0,0,1,0,0,1,.500,.333,.500,.833
Carlos Perez,27,20,58,54,1,9,2,0,1,1,0,2,15,.167,.211,.259,.470
Carlos Perez,27,8,22,21,0,3,0,0,0,0,0,1,6,.143,.182,.143,.325
Carlos Perez,27,12,36,33,1,6,2,0,1,1,0,1,9,.182,.229,.333,.562
Hernan Perez,27,44,116,111,9,27,3,0,3,12,3,4,22,.243,.267,.351,.619
Roberto Perez,29,22,82,72,7,10,1,1,1,4,0,9,32,.139,.232,.222,.454
Salvador Perez,28,43,183,168,22,40,7,0,10,31,1,9,30,.238,.290,.458,.748
Dillon Peters,25,6,9,7,1,1,0,0,0,0,0,1,2,.143,.250,.143,.393
Dustin Peterson,23,2,2,2,0,0,0,0,0,0,0,0,1,.000,.000,.000,.000
Jace Peterson,28,33,105,90,6,16,5,1,0,9,5,13,28,.178,.295,.256,.551
Jace Peterson,28,3,11,10,0,3,0,0,0,0,0,1,3,.300,.364,.300,.664
Jace Peterson,28,30,94,80,6,13,5,1,0,9,5,12,25,.163,.287,.250,.537
Tim Peterson,27,3,1,1,0,0,0,0,0,0,0,0,0,.000,.000,.000,.000
Gregorio Petit,33,11,30,26,4,8,0,0,0,2,1,4,6,.308,.400,.308,.708
Yusmeiro Petit,33,1,0,0,0,0,0,0,0,0,0,0,0,0,0,0,0
Jake Petricka,30,1,0,0,0,0,0,0,0,0,0,0,0,0,0,0,0
Tommy Pham,30,55,225,196,43,54,8,0,9,23,8,27,53,.276,.364,.454,.819
Josh Phegley,30,2,4,4,0,1,1,0,0,1,0,0,1,.250,.250,.500,.750
Brett Phillips,24,9,14,14,0,2,0,0,0,0,0,0,9,.143,.143,.143,.286
Kevin Pillar,29,62,249,230,30,59,20,2,5,23,9,13,45,.257,.297,.426,.723
Manny Pina,31,40,147,134,15,29,6,0,4,12,0,11,23,.216,.279,.351,.630
Chad Pinder,26,40,132,120,17,29,7,0,5,13,0,10,42,.242,.311,.425,.736
Jose Pirela,28,63,265,244,36,67,16,2,0,19,3,19,50,.275,.328,.357,.685
Stephen Piscotty,27,54,208,190,22,46,14,0,3,22,0,13,41,.242,.298,.363,.661
Nick Pivetta,25,12,20,18,2,3,1,0,0,1,0,1,9,.167,.211,.222,.433
Kevin Plawecki,27,14,56,44,7,9,3,0,0,2,0,10,14,.205,.375,.273,.648
Adam Plutko,26,1,2,0,0,0,0,0,0,0,0,0,0,0,0,0,0
Gregory Polanco,26,54,233,197,31,41,17,0,8,28,3,28,55,.208,.310,.416,.727
A.J. Pollock,30,40,166,150,23,44,10,3,11,33,9,12,38,.293,.349,.620,.969
Dalton Pompey,25,5,11,10,0,2,0,0,0,0,0,1,6,.200,.273,.200,.473
Buster Posey,31,49,208,185,24,56,12,1,4,24,2,19,27,.303,.370,.443,.813
Brooks Pounders,27,9,0,0,0,0,0,0,0,0,0,0,0,0,0,0,0
Boog Powell,25,7,25,24,3,4,1,1,0,0,1,1,6,.167,.200,.292,.492
Bobby Poyner,25,1,0,0,0,0,0,0,0,0,0,0,0,0,0,0,0
Martin Prado,34,24,99,93,8,18,3,0,0,3,0,6,15,.194,.242,.226,.468
Ryan Pressly,29,1,0,0,0,0,0,0,0,0,0,0,0,0,0,0,0
Jurickson Profar,25,58,230,206,29,50,18,4,6,33,3,19,33,.243,.313,.456,.769
Yasiel Puig,27,49,179,163,28,41,10,0,7,20,5,15,37,.252,.313,.442,.755
Albert Pujols,38,56,239,226,22,57,10,0,8,32,0,11,36,.252,.289,.403,.691
Kevin Quackenbush,29,10,0,0,0,0,0,0,0,0,0,0,0,0,0,0,0
Jose Quintana,29,12,25,21,0,0,0,0,0,0,0,0,11,.000,.000,.000,.000
Tanner Rainey,25,6,0,0,0,0,0,0,0,0,0,0,0,0,0,0,0
Hanley Ramirez,34,44,195,177,25,45,7,0,6,29,4,14,35,.254,.313,.395,.708
Jose Ramirez,25,59,265,228,43,68,19,0,19,43,7,36,28,.298,.396,.632,1.028
Jose Ramirez,28,7,0,0,0,0,0,0,0,0,0,0,0,0,0,0,0
Noe Ramirez,28,1,0,0,0,0,0,0,0,0,0,0,0,0,0,0,0
AJ Ramos,31,28,0,0,0,0,0,0,0,0,0,0,0,0,0,0,0
Edubray Ramos,25,23,0,0,0,0,0,0,0,0,0,0,0,0,0,0,0
Wilson Ramos,30,49,200,187,19,54,9,0,7,29,0,13,40,.289,.335,.449,.784
Colby Rasmus,31,8,23,21,1,2,1,0,0,0,0,1,13,.095,.174,.143,.317
Josh Ravin,30,2,0,0,0,0,0,0,0,0,0,0,0,0,0,0,0
Robbie Ray,26,6,11,9,0,0,0,0,0,1,0,0,2,.000,.000,.000,.000
J.T. Realmuto,27,41,179,161,25,50,12,3,6,19,1,13,29,.311,.376,.534,.911
Josh Reddick,31,43,158,136,27,31,6,0,6,18,1,21,32,.228,.329,.404,.734
Addison Reed,29,2,0,0,0,0,0,0,0,0,0,0,0,0,0,0,0
Cody Reed,25,4,2,2,0,0,0,0,0,0,0,0,2,.000,.000,.000,.000
Rob Refsnyder,27,32,82,65,9,13,3,0,2,5,0,16,21,.200,.358,.338,.696
Anthony Rendon,28,41,177,157,18,42,14,0,6,20,0,19,28,.268,.345,.471,.816
Hunter Renfroe,26,26,86,75,15,19,7,1,3,15,0,8,20,.253,.337,.493,.831
Alex Reyes,23,1,1,1,0,0,0,0,0,0,0,0,1,.000,.000,.000,.000
Franmil Reyes,20,18,63,59,9,14,0,0,6,8,0,4,23,.237,.286,.542,.828
Jose Reyes,35,41,77,71,6,10,1,0,1,3,2,6,10,.141,.208,.197,.405
Victor Reyes,23,29,44,44,10,8,1,2,0,4,3,0,13,.182,.182,.295,.477
Mark Reynolds,34,17,60,55,10,16,1,0,6,8,0,5,11,.291,.350,.636,.986
Matt Reynolds,27,10,13,12,1,1,0,0,0,1,0,1,4,.083,.154,.083,.237
Jacob Rhame,25,11,0,0,0,0,0,0,0,0,0,0,0,0,0,0,0
Clayton Richard,34,14,28,23,2,3,1,0,1,3,0,1,14,.130,.167,.304,.471
Trevor Richards,25,6,10,10,0,0,0,0,0,0,0,0,6,.000,.000,.000,.000
Joey Rickard,27,20,57,53,6,13,1,0,3,6,0,3,16,.245,.298,.434,.732
JT Riddle,26,12,43,42,3,9,0,0,2,3,0,1,14,.214,.233,.357,.590
Yacksel Rios,25,17,0,0,0,0,0,0,0,0,0,0,0,0,0,0,0
Rene Rivera,34,22,59,54,7,14,3,0,3,10,0,4,21,.259,.322,.481,.804
Yadiel Rivera,26,46,56,48,6,9,1,0,0,3,0,8,17,.188,.304,.208,.512
Anthony Rizzo,28,50,229,194,28,49,8,0,10,42,2,24,27,.253,.354,.448,.802
Tanner Roark,31,13,28,25,1,3,0,0,0,3,0,0,8,.120,.154,.120,.274
Daniel Robertson,24,52,204,167,27,44,8,0,7,18,1,32,45,.263,.392,.437,.829
David Robertson,33,1,0,0,0,0,0,0,0,0,0,0,0,0,0,0,0
Drew Robinson,26,26,89,80,10,14,2,0,1,5,1,9,45,.175,.258,.238,.496
Shane Robinson,33,2,5,3,0,1,0,0,0,0,1,2,1,.333,.600,.333,.933
Hansel Robles,27,13,1,1,0,0,0,0,0,0,0,0,1,.000,.000,.000,.000
Fernando Rodney,41,1,0,0,0,0,0,0,0,0,0,0,0,0,0,0,0
Dereck Rodriguez,26,2,3,3,0,1,1,0,0,1,0,0,2,.333,.333,.667,1.000
Jefry Rodriguez,24,1,2,1,0,0,0,0,0,0,0,0,0,.000,.000,.000,.000
Richard Rodriguez,28,21,2,2,0,0,0,0,0,0,0,0,2,.000,.000,.000,.000
Ronny Rodriguez,26,7,20,19,2,2,0,0,0,1,0,0,6,.105,.100,.105,.205
Sean Rodriguez,33,46,119,102,13,17,4,1,3,12,1,17,37,.167,.286,.314,.599
Taylor Rogers,27,3,0,0,0,0,0,0,0,0,0,0,0,0,0,0,0
Miguel Rojas,29,62,241,215,16,51,6,0,7,24,2,16,30,.237,.305,.363,.668
Sal Romano,24,12,24,21,0,1,1,0,0,0,0,0,16,.048,.048,.095,.143
Enny Romero,27,4,1,1,1,1,1,0,0,0,0,0,0,1.000,1.000,2.000,3.000
Enny Romero,27,2,0,0,0,0,0,0,0,0,0,0,0,0,0,0,0
Enny Romero,27,2,1,1,1,1,1,0,0,0,0,0,0,1.000,1.000,2.000,3.000
Fernando Romero,23,1,3,3,0,0,0,0,0,0,0,0,3,.000,.000,.000,.000
Andrew Romine,32,32,55,48,5,7,1,0,0,0,1,4,17,.146,.226,.167,.393
Austin Romine,29,22,73,64,12,22,5,0,4,19,0,9,13,.344,.425,.609,1.034
Sergio Romo,35,1,0,0,0,0,0,0,0,0,0,0,0,0,0,0,0
Bruce Rondon,27,3,0,0,0,0,0,0,0,0,0,0,0,0,0,0,0
Hector Rondon,30,2,0,0,0,0,0,0,0,0,0,0,0,0,0,0,0
Jose Rondon,24,16,41,39,7,10,3,0,3,6,2,2,11,.256,.293,.564,.857
Amed Rosario,22,57,203,191,23,48,9,2,3,18,3,8,42,.251,.284,.366,.650
Eddie Rosario,26,59,249,234,39,73,16,1,14,43,5,14,41,.312,.351,.568,.919
Randy Rosario,24,6,1,0,1,0,0,0,0,0,0,1,0,0,1.000,0,0
Tyson Ross,31,13,24,22,0,2,0,0,0,1,0,1,8,.091,.130,.091,.221
Ryan Rua,28,34,93,86,9,14,1,1,2,5,3,5,31,.163,.207,.267,.474
Drew Rucinski,29,2,2,2,0,0,0,0,0,0,0,0,2,.000,.000,.000,.000
Chris Rusin,31,19,1,1,0,0,0,0,0,0,0,0,1,.000,.000,.000,.000
Addison Russell,24,52,203,180,26,49,11,1,2,14,2,20,46,.272,.347,.378,.724
Hyun-Jin Ryu,31,7,13,11,0,2,1,0,0,2,0,1,8,.182,.250,.273,.523
Tyler Saladino,28,22,48,45,8,14,3,0,3,8,0,2,13,.311,.340,.578,.918
Tyler Saladino,28,6,9,8,2,2,1,0,0,0,0,0,3,.250,.250,.375,.625
Tyler Saladino,28,16,39,37,6,12,2,0,3,8,0,2,10,.324,.359,.622,.981
Fernando Salas,33,27,1,1,0,0,0,0,0,0,0,0,0,.000,.000,.000,.000
Chris Sale,29,1,2,2,0,0,0,0,0,0,0,0,2,.000,.000,.000,.000
Jeff Samardzija,33,6,9,9,0,1,0,0,0,0,0,0,6,.111,.111,.111,.222
Adrian Sanchez,27,12,20,20,1,3,1,0,0,1,0,0,4,.150,.150,.200,.350
Anibal Sanchez,34,5,7,6,0,0,0,0,0,0,0,1,2,.000,.143,.000,.143
Carlos Sanchez,26,58,240,225,24,62,10,6,3,27,5,9,45,.276,.313,.413,.726
Gary Sanchez,25,52,218,189,32,38,12,0,12,35,0,27,53,.201,.303,.455,.758
Pablo Sandoval,31,49,112,103,9,29,5,0,4,18,0,8,30,.282,.330,.447,.777
Miguel Sano,25,32,143,129,16,26,7,0,7,25,0,13,57,.202,.273,.419,.691
Carlos Santana,32,60,257,213,33,47,14,1,9,35,1,40,36,.221,.342,.423,.765
Dennis Santana,22,2,2,2,0,1,1,0,0,2,0,0,1,.500,.500,1.000,1.500
Domingo Santana,25,55,199,177,15,45,10,0,3,17,1,18,62,.254,.322,.362,.683
Edgar Santana,26,23,0,0,0,0,0,0,0,0,0,0,0,0,0,0,0
Anthony Santander,23,33,108,101,8,20,5,1,1,6,1,6,21,.198,.250,.297,.547
Hector Santiago,30,2,3,3,0,0,0,0,0,0,0,0,2,.000,.000,.000,.000
Luis Sardinas,25,8,20,18,2,2,0,0,1,1,0,2,5,.111,.200,.278,.478
Warwick Saupold,28,1,1,1,0,0,0,0,0,0,0,0,1,.000,.000,.000,.000
Scott Schebler,27,47,178,159,26,44,6,0,8,23,2,12,33,.277,.348,.465,.814
Max Scherzer,33,13,33,32,3,9,1,0,0,4,1,0,5,.281,.303,.313,.616
Ryan Schimpf,30,5,7,5,2,1,0,0,1,2,0,2,3,.200,.429,.800,1.229
Jonathan Schoop,26,41,180,170,21,39,9,0,5,15,0,6,41,.229,.263,.371,.633
Kyle Schwarber,25,52,209,172,29,44,8,1,11,28,3,35,51,.256,.380,.506,.886
Troy Scribner,26,1,1,1,0,0,0,0,0,0,0,0,1,.000,.000,.000,.000
Corey Seager,24,26,115,101,13,27,5,1,2,13,0,11,17,.267,.348,.396,.744
Kyle Seager,30,62,265,245,28,54,16,0,11,37,0,15,51,.220,.275,.420,.696
Jean Segura,28,59,267,249,46,85,17,2,5,39,13,10,38,.341,.360,.486,.846
Marcus Semien,27,61,283,258,36,66,13,0,5,25,4,21,61,.256,.307,.364,.672
Antonio Senzatela,23,10,4,3,1,1,1,0,0,1,0,0,1,.333,.333,.667,1.000
Pedro Severino,24,39,135,116,11,24,7,0,0,9,1,14,27,.207,.311,.267,.578
Paul Sewald,28,20,5,4,0,0,0,0,0,0,0,0,1,.000,.000,.000,.000
Kevin Shackelford,29,4,1,1,0,0,0,0,0,0,0,0,1,.000,.000,.000,.000
Bryan Shaw,30,34,0,0,0,0,0,0,0,0,0,0,0,0,0,0,0
Travis Shaw,28,60,246,216,35,54,14,0,14,38,0,29,43,.250,.339,.509,.848
Jimmie Sherfy,26,3,0,0,0,0,0,0,0,0,0,0,0,0,0,0,0
Ryan Sherriff,28,5,0,0,0,0,0,0,0,0,0,0,0,0,0,0,0
James Shields,36,2,4,4,0,0,0,0,0,0,0,0,3,.000,.000,.000,.000
J.B. Shuck,31,46,93,84,8,16,1,1,0,2,2,7,15,.190,.261,.226,.487
Moises Sierra,29,27,60,54,4,9,2,0,0,4,1,2,20,.167,.217,.204,.420
Andrelton Simmons,28,59,244,215,32,71,12,2,4,34,5,24,10,.330,.399,.460,.860
Lucas Sims,24,4,1,1,0,0,0,0,0,0,0,0,0,.000,.000,.000,.000
Chance Sisco,23,40,120,102,11,21,6,0,2,15,1,11,45,.206,.325,.324,.649
Matt Skole,28,4,13,11,2,3,0,0,1,1,0,2,3,.273,.385,.545,.930
Austin Slater,25,6,16,11,2,3,0,0,0,0,2,4,4,.273,.500,.273,.773
Caleb Smith,26,11,19,15,0,0,0,0,0,0,0,0,11,.000,.000,.000,.000
Carson Smith,28,1,0,0,0,0,0,0,0,0,0,0,0,0,0,0,0
Dominic Smith,23,2,1,1,0,0,0,0,0,0,0,0,1,.000,.000,.000,.000
Dwight Smith,25,15,34,30,5,9,4,0,1,4,0,3,4,.300,.382,.533,.916
Joe Smith,34,2,0,0,0,0,0,0,0,0,0,0,0,0,0,0,0
Kevan Smith,30,2,8,8,2,3,0,0,0,1,0,0,0,.375,.375,.375,.750
Mallex Smith,25,56,208,185,18,49,9,3,0,12,11,17,45,.265,.335,.346,.681
Will Smith,28,14,0,0,0,0,0,0,0,0,0,0,0,0,0,0,0
Justin Smoak,31,56,247,202,30,50,14,0,9,33,0,40,61,.248,.377,.450,.827
Josh Smoker,29,4,0,0,0,0,0,0,0,0,0,0,0,0,0,0,0
Jake Smolinski,29,16,36,34,2,4,1,1,0,2,1,1,9,.118,.167,.206,.373
D.J. Snelten,26,4,1,1,0,0,0,0,0,0,0,0,1,.000,.000,.000,.000
Brandon Snyder,31,2,6,6,0,1,1,0,0,0,0,0,2,.167,.167,.333,.500
Miguel Socolovich,31,4,0,0,0,0,0,0,0,0,0,0,0,0,0,0,0
Eric Sogard,32,35,85,74,5,9,3,0,0,1,1,10,19,.122,.226,.162,.388
Yangervis Solarte,30,59,256,232,30,57,12,0,12,36,0,20,38,.246,.309,.453,.761
Jorge Soler,26,57,245,212,27,57,17,0,9,28,3,27,65,.269,.359,.476,.836
Sammy Solis,29,31,0,0,0,0,0,0,0,0,0,0,0,0,0,0,0
Joakim Soria,34,2,0,0,0,0,0,0,0,0,0,0,0,0,0,0,0
Mike Soroka,20,3,6,6,0,1,0,0,0,0,0,0,0,.167,.167,.167,.333
Juan Soto,19,16,61,52,11,18,4,0,2,6,1,9,9,.346,.443,.538,.981
Steven Souza,29,14,47,43,1,7,1,0,0,1,1,4,13,.163,.234,.186,.420
Denard Span,34,52,206,174,33,43,8,1,6,31,6,30,28,.247,.359,.408,.767
Denard Span,34,43,173,143,27,34,7,1,4,28,6,28,24,.238,.364,.385,.749
Denard Span,34,9,33,31,6,9,1,0,2,3,0,2,4,.290,.333,.516,.849
Cory Spangenberg,27,41,112,107,13,21,3,2,5,12,3,3,39,.196,.225,.402,.627
George Springer,28,62,280,249,47,72,15,0,13,37,3,25,52,.289,.361,.506,.867
Craig Stammen,34,25,0,0,0,0,0,0,0,0,0,0,0,0,0,0,0
Ryne Stanek,26,1,0,0,0,0,0,0,0,0,0,0,0,0,0,0,0
Giancarlo Stanton,28,58,258,227,39,57,11,1,14,33,2,23,78,.251,.329,.493,.823
Max Stassi,27,36,117,105,15,27,8,0,5,17,0,9,37,.257,.333,.476,.810
Drew Steckenrider,27,27,0,0,0,0,0,0,0,0,0,0,0,0,0,0,0
Jackson Stephens,24,9,2,1,0,0,0,0,0,0,0,1,1,.000,.500,.000,.500
Andrew Stevenson,24,25,55,47,7,12,2,0,0,8,0,4,12,.255,.315,.298,.613
Brock Stewart,26,8,2,2,0,0,0,0,0,0,0,0,2,.000,.000,.000,.000
Chris Stewart,36,5,16,14,3,3,0,0,0,3,0,1,1,.214,.250,.214,.464
Trevor Story,25,62,264,231,29,56,12,4,11,41,8,26,74,.242,.326,.472,.798
Matt Strahm,26,10,1,1,0,0,0,0,0,0,0,0,1,.000,.000,.000,.000
Dan Straily,29,8,12,11,0,1,0,0,0,0,0,1,7,.091,.167,.091,.258
Stephen Strasburg,29,12,30,25,0,3,0,0,0,1,0,2,7,.120,.185,.120,.305
Chris Stratton,27,13,29,24,0,2,0,0,0,1,0,0,15,.083,.083,.083,.167
Hunter Strickland,29,28,0,0,0,0,0,0,0,0,0,0,0,0,0,0,0
Ross Stripling,28,19,15,13,0,1,0,0,0,1,0,0,5,.077,.077,.077,.154
Pedro Strop,33,25,1,1,0,0,0,0,0,0,0,0,0,.000,.000,.000,.000
Daniel Stumpf,27,2,0,0,0,0,0,0,0,0,0,0,0,0,0,0,0
Andrew Suarez,25,7,15,13,0,0,0,0,0,0,0,1,8,.000,.071,.000,.071
Eugenio Suarez,26,46,201,173,26,51,11,1,11,45,0,22,36,.295,.373,.561,.934
Jesus Sucre,30,21,71,65,3,14,1,0,0,4,1,3,10,.215,.246,.231,.477
Wander Suero,26,11,0,0,0,0,0,0,0,0,0,0,0,0,0,0,0
Andrew Susac,28,9,26,26,1,3,1,0,0,0,0,0,12,.115,.115,.154,.269
Brent Suter,28,12,18,15,2,3,1,0,1,1,0,2,3,.200,.294,.467,.761
Ichiro Suzuki,44,15,47,44,5,9,0,0,0,0,0,3,7,.205,.255,.205,.460
Kurt Suzuki,34,45,169,151,22,41,9,0,7,23,0,10,17,.272,.331,.470,.802
Dansby Swanson,24,47,196,179,22,48,12,1,6,25,2,15,57,.268,.328,.447,.775
Anthony Swarzak,32,3,0,0,0,0,0,0,0,0,0,0,0,0,0,0,0
Blake Swihart,26,25,60,54,4,9,2,0,0,3,1,6,15,.167,.250,.204,.454
Noah Syndergaard,25,11,24,22,0,2,2,0,0,2,0,0,14,.091,.087,.182,.269
Matt Szczur,28,47,69,64,10,13,3,0,1,6,2,5,17,.203,.261,.297,.558
Jameson Taillon,26,13,23,20,0,2,1,0,0,2,0,1,7,.100,.143,.150,.293
Masahiro Tanaka,29,1,2,2,0,0,0,0,0,0,0,0,1,.000,.000,.000,.000
Mike Tauchman,27,18,34,29,4,3,1,0,0,0,1,4,14,.103,.212,.138,.350
Chris Taylor,27,61,274,239,43,60,13,6,8,26,3,28,68,.251,.339,.456,.795
Michael Taylor,27,60,229,209,26,45,15,2,5,19,16,19,67,.215,.281,.378,.659
Junichi Tazawa,32,21,0,0,0,0,0,0,0,0,0,0,0,0,0,0,0
Julio Teheran,27,11,22,17,0,3,0,0,0,1,0,0,3,.176,.167,.176,.343
Tomas Telis,27,23,31,29,2,6,1,0,0,1,0,2,8,.207,.258,.241,.499
Ryan Tepera,30,2,0,0,0,0,0,0,0,0,0,0,0,0,0,0,0
Eric Thames,31,22,74,64,11,16,3,0,7,13,2,10,17,.250,.351,.625,.976
Jake Thompson,24,3,2,2,0,0,0,0,0,0,0,0,2,.000,.000,.000,.000
Trayce Thompson,27,41,111,104,15,13,3,0,3,5,3,7,38,.125,.180,.240,.421
Trayce Thompson,27,3,7,7,1,1,0,0,0,0,0,0,4,.143,.143,.143,.286
Trayce Thompson,27,38,104,97,14,12,3,0,3,5,3,7,34,.124,.183,.247,.430
Charlie Tilson,25,13,38,35,3,8,1,0,0,2,2,2,4,.229,.263,.257,.520
Carlos Tocci,22,13,28,25,0,2,0,0,0,0,0,1,12,.080,.148,.080,.228
Josh Tomlin,33,1,0,0,0,0,0,0,0,0,0,0,0,0,0,0,0
Kelby Tomlinson,28,45,113,106,6,24,4,1,0,9,0,6,28,.226,.274,.283,.557
Carlos Torres,35,10,0,0,0,0,0,0,0,0,0,0,0,0,0,0,0
Gleyber Torres,21,39,151,136,18,40,5,0,10,28,2,10,37,.294,.353,.551,.905
Ramon Torres,25,6,20,19,4,4,1,0,0,1,0,1,2,.211,.250,.263,.513
Ronald Torreyes,25,22,63,62,7,21,6,0,0,6,0,1,9,.339,.349,.435,.785
Devon Travis,27,31,111,102,10,20,2,2,2,6,1,6,26,.196,.261,.314,.575
Sam Travis,24,3,9,8,0,2,0,0,0,3,0,1,1,.250,.333,.250,.583
Mike Trout,26,63,277,222,52,69,15,3,19,39,13,52,51,.311,.444,.662,1.106
Mark Trumbo,32,28,111,106,11,31,7,0,3,9,0,4,29,.292,.324,.443,.768
Jen-Ho Tseng,23,1,0,0,0,0,0,0,0,0,0,0,0,0,0,0,0
Preston Tucker,27,52,116,108,12,28,9,0,3,21,0,6,29,.259,.302,.426,.728
Sam Tuivailala,25,15,0,0,0,0,0,0,0,0,0,0,0,0,0,0,0
Jacob Turner,27,4,0,0,0,0,0,0,0,0,0,0,0,0,0,0,0
Justin Turner,33,20,80,70,9,17,4,0,1,10,0,8,7,.243,.325,.343,.668
Trea Turner,25,61,275,244,35,63,11,1,7,24,17,30,52,.258,.342,.398,.739
Justin Upton,30,61,264,232,36,60,7,0,14,39,3,25,74,.259,.333,.470,.803
Jose Urena,26,13,23,22,0,1,1,0,0,0,0,0,17,.045,.045,.091,.136
Richard Urena,22,11,19,18,2,5,0,0,1,3,0,0,7,.278,.278,.444,.722
Gio Urshela,26,13,34,32,3,5,1,0,1,3,0,1,9,.156,.206,.281,.487
Chase Utley,39,45,126,111,12,24,7,1,1,14,2,13,24,.216,.302,.324,.626
Pat Valaika,25,37,82,75,2,9,4,0,0,1,0,6,22,.120,.185,.173,.359
Luis Valbuena,32,53,167,154,16,37,4,0,6,20,0,11,53,.240,.293,.383,.677
Jose Valdez,28,4,0,0,0,0,0,0,0,0,0,0,0,0,0,0,0
Danny Valencia,33,38,132,119,18,33,5,1,6,15,0,11,24,.277,.333,.487,.821
Jesmuel Valentin,24,16,18,18,1,3,0,0,0,0,0,0,9,.167,.167,.167,.333
Breyvic Valera,26,14,28,24,4,5,0,0,0,4,0,4,2,.208,.321,.208,.530
Jason Vargas,35,7,9,8,0,1,0,0,0,0,0,1,4,.125,.222,.125,.347
Christian Vazquez,27,43,162,151,14,30,6,0,2,9,1,7,22,.199,.248,.278,.527
Felipe Vazquez,26,21,0,0,0,0,0,0,0,0,0,0,0,0,0,0,0
Vince Velasquez,26,11,22,20,1,6,0,0,0,1,0,0,8,.300,.300,.300,.600
Pat Venditte,33,4,0,0,0,0,0,0,0,0,0,0,0,0,0,0,0
Jonny Venters,33,1,0,0,0,0,0,0,0,0,0,0,0,0,0,0,0
Alex Verdugo,22,9,37,34,3,9,4,0,0,1,0,2,6,.265,.306,.382,.688
Justin Verlander,35,1,2,2,0,1,0,0,0,0,0,0,1,.500,.500,.500,1.000
Engelb Vielma,24,6,8,7,1,1,0,0,0,0,0,1,4,.143,.250,.143,.393
Christian Villanueva,27,54,195,179,25,42,8,0,15,35,1,12,56,.235,.297,.531,.828
Jonathan Villar,27,55,183,170,13,48,5,1,4,18,8,11,55,.282,.328,.394,.722
Nick Vincent,31,1,0,0,0,0,0,0,0,0,0,0,0,0,0,0,0
Arodys Vizcaino,27,22,0,0,0,0,0,0,0,0,0,0,0,0,0,0,0
Dan Vogelbach,25,22,72,60,6,12,2,0,2,5,0,10,22,.200,.333,.333,.667
Luke Voit,27,4,4,3,2,2,0,0,1,3,0,1,0,.667,.750,1.667,2.417
Chris Volstad,31,2,0,0,0,0,0,0,0,0,0,0,0,0,0,0,0
Joey Votto,34,62,270,224,31,68,10,1,6,25,1,40,39,.304,.419,.438,.856
Michael Wacha,26,12,28,22,2,1,0,0,0,1,0,0,8,.045,.045,.045,.091
Tyler Wade,23,13,38,35,1,3,2,0,0,4,0,3,11,.086,.158,.143,.301
Adam Wainwright,36,4,6,6,0,0,0,0,0,0,0,0,4,.000,.000,.000,.000
Marcus Walden,29,2,0,0,0,0,0,0,0,0,0,0,0,0,0,0,0
Mitch Walding,25,3,6,6,0,0,0,0,0,0,0,0,6,.000,.000,.000,.000
Christian Walker,27,16,19,16,1,2,1,0,1,2,0,3,10,.125,.263,.375,.638
Neil Walker,32,38,152,137,22,29,6,0,2,14,0,13,31,.212,.283,.299,.582
Taijuan Walker,25,3,4,4,0,0,0,0,0,0,0,0,1,.000,.000,.000,.000
Chad Wallach,26,9,34,31,1,4,1,0,0,2,0,2,17,.129,.182,.161,.343
Tony Watson,33,26,0,0,0,0,0,0,0,0,0,0,0,0,0,0,0
Luke Weaver,24,15,22,17,3,3,0,0,0,1,0,1,8,.176,.222,.176,.399
Tyler Webb,27,4,1,1,0,0,0,0,0,0,0,0,1,.000,.000,.000,.000
Zack Weiss,26,1,0,0,0,0,0,0,0,0,0,0,0,0,0,0,0
Joey Wendle,28,50,186,171,19,48,6,3,2,14,5,12,40,.281,.328,.386,.714
Zach Wheeler,28,11,21,21,1,6,0,0,0,2,0,0,7,.286,.286,.286,.571
Chase Whitley,29,1,0,0,0,0,0,0,0,0,0,0,0,0,0,0,0
Matt Wieters,32,23,76,65,6,15,1,0,3,7,0,10,12,.231,.342,.385,.727
Nick Williams,24,54,143,131,17,30,4,0,7,17,1,10,36,.229,.294,.420,.714
Taylor Williams,26,17,1,1,0,0,0,0,0,0,0,0,1,.000,.000,.000,.000
Trevor Williams,26,11,22,21,1,2,0,0,0,0,0,0,9,.095,.095,.095,.190
Mac Williamson,27,16,61,57,10,15,4,0,3,8,0,4,15,.263,.311,.491,.803
Alex Wilson,31,3,0,0,0,0,0,0,0,0,0,0,0,0,0,0,0
Bobby Wilson,35,15,51,46,3,8,4,0,1,7,0,3,12,.174,.216,.326,.542
Justin Wilson,30,25,1,1,0,0,0,0,0,0,0,0,1,.000,.000,.000,.000
Jesse Winker,24,54,201,171,21,45,10,0,2,15,0,27,29,.263,.368,.357,.725
Dan Winkler,28,25,1,1,0,0,0,0,0,0,0,0,0,.000,.000,.000,.000
Matt Wisler,25,4,8,7,0,0,0,0,0,0,0,0,4,.000,.000,.000,.000
Nick Wittgren,27,18,0,0,0,0,0,0,0,0,0,0,0,0,0,0,0
Tony Wolters,26,33,107,89,9,15,1,0,2,11,2,13,19,.169,.299,.247,.546
Kolten Wong,27,55,169,145,14,28,4,1,4,10,1,13,25,.193,.289,.317,.606
Alex Wood,27,12,22,20,0,0,0,0,0,0,1,0,14,.000,.000,.000,.000
Brandon Woodruff,25,8,6,5,0,1,0,0,0,0,0,0,0,.200,.200,.200,.400
Austin Wynns,27,2,7,7,1,2,0,0,1,1,0,0,1,.286,.286,.714,1.000
Ryan Yarbrough,26,1,2,2,0,0,0,0,0,0,0,0,1,.000,.000,.000,.000
Kirby Yates,31,22,0,0,0,0,0,0,0,0,0,0,0,0,0,0,0
Christian Yelich,26,50,220,196,37,59,9,2,7,26,7,21,45,.301,.373,.474,.847
Chris Young,34,40,83,72,8,12,2,0,2,5,2,9,22,.167,.268,.278,.546
Mark Zagunis,25,5,6,5,0,2,1,0,0,1,0,1,1,.400,.500,.600,1.100
Rob Zastryzny,26,1,0,0,0,0,0,0,0,0,0,0,0,0,0,0,0
Brad Ziegler,38,26,0,0,0,0,0,0,0,0,0,0,0,0,0,0,0
Bradley Zimmer,25,34,114,106,14,24,5,0,2,9,4,7,44,.226,.281,.330,.611
Ryan Zimmerman,33,33,125,115,11,25,3,2,5,16,0,9,24,.217,.280,.409,.689
Jordan Zimmermann,32,1,1,1,0,0,0,0,0,0,0,0,1,.000,.000,.000,.000
Ben Zobrist,37,46,177,154,27,45,9,1,4,21,1,22,22,.292,.379,.442,.820
Mike Zunino,27,40,149,137,17,28,4,0,9,20,0,8,57,.204,.268,.431,.699
