name,age,wins,losses,pct,era,saves,ip,hits,runs,er,hr,bb,ibb,so,era+,fip,whip,h9,hr9,bb9,so9,so/w
Jason Adam,26,0,0,0,4.26,0,12.2,13,6,6,4,4,0,14,101,6.19,1.342,9.2,2.8,2.8,9.9,3.50
Austin Adams,27,0,0,0,0.00,0,1.0,1,0,0,0,3,0,0,0,12.11,4.000,9.0,0.0,27.0,0.0,0.00
Matt Albers,35,3,1,.750,2.05,1,26.1,21,7,6,4,5,1,22,202,4.10,0.987,7.2,1.4,1.7,7.5,4.40
Scott Alexander,28,1,0,1.000,4.38,0,24.2,22,12,12,1,14,0,17,87,4.09,1.459,8.0,0.4,5.1,6.2,1.21
Cody Allen,29,2,2,.500,3.76,11,26.1,19,11,11,4,10,1,29,120,4.25,1.101,6.5,1.4,3.4,9.9,2.90
Dan Altavilla,25,3,2,.600,2.61,0,20.2,11,7,6,2,15,0,23,157,4.61,1.258,4.8,0.9,6.5,10.0,1.53
Jose Alvarado,23,0,2,.000,2.73,1,26.1,19,10,8,0,12,2,29,148,2.39,1.177,6.5,0.0,4.1,9.9,2.42
Jose Alvarez,29,2,2,.500,2.33,0,27.0,21,8,7,2,6,0,29,177,2.71,1.000,7.0,0.7,2.0,9.7,4.83
Brett Anderson,30,0,2,.000,7.63,0,15.1,25,15,13,3,6,0,8,54,5.79,2.022,14.7,1.8,3.5,4.7,1.33
Chase Anderson,30,4,5,.444,4.57,0,65.0,55,34,33,13,26,0,43,90,5.82,1.246,7.6,1.8,3.6,6.0,1.65
Justin Anderson,25,1,1,.500,3.72,2,19.1,14,8,8,2,16,2,27,111,4.46,1.552,6.5,0.9,7.4,12.6,1.69
Tyler Anderson,28,3,1,.750,4.81,0,67.1,65,39,36,11,26,0,58,96,4.72,1.351,8.7,1.5,3.5,7.8,2.23
Matt Andriese,28,1,3,.250,3.31,0,35.1,30,16,13,4,6,0,36,122,3.14,1.019,7.6,1.0,1.5,9.2,6.00
Victor Arano,23,0,0,0,1.96,0,18.1,13,4,4,0,4,3,21,204,1.48,0.927,6.4,0.0,2.0,10.3,5.25
Pedro Araujo,24,1,3,.250,6.67,0,27.0,25,20,20,7,16,0,28,63,6.41,1.519,8.3,2.3,5.3,9.3,1.75
Chris Archer,29,3,4,.429,4.24,0,76.1,76,37,36,9,26,0,76,94,3.79,1.336,9.0,1.1,3.1,9.0,2.92
Jake Arrieta,32,5,3,.625,2.66,0,64.1,56,25,19,3,19,0,44,149,3.24,1.166,7.8,0.4,2.7,6.2,2.32
Alec Asher,26,0,0,0,0.00,0,2.0,2,0,0,0,1,0,2,0,2.61,1.500,9.0,0.0,4.5,9.0,2.00
Luis Avilan,28,2,0,1.000,3.57,0,17.2,19,10,7,1,7,1,20,118,2.77,1.472,9.7,0.5,3.6,10.2,2.86
John Axford,35,0,0,0,3.77,0,28.2,27,12,12,3,11,0,28,115,3.78,1.326,8.5,0.9,3.5,8.8,2.55
Pedro Baez,30,3,3,.500,3.34,0,29.2,30,12,11,2,16,2,35,114,3.35,1.551,9.1,0.6,4.9,10.6,2.19
Sandy Baez,24,0,0,0,0.00,0,4.1,0,0,0,0,3,0,4,0,4.04,0.692,0.0,0.0,6.2,8.3,1.33
Homer Bailey,32,1,7,.125,6.68,0,62.0,81,49,46,15,24,7,38,60,6.24,1.694,11.8,2.2,3.5,5.5,1.58
Anthony Banda,24,1,0,1.000,3.68,0,14.2,12,6,6,1,3,0,10,111,3.25,1.023,7.4,0.6,1.8,6.1,3.33
Johnny Barbato,25,0,0,0,5.06,0,5.1,6,3,3,1,3,0,2,93,7.05,1.688,10.1,1.7,5.1,3.4,0.67
Luke Bard,27,0,0,0,5.40,0,11.2,10,7,7,4,5,1,13,78,7.40,1.286,7.7,3.1,3.9,10.0,2.60
Scott Barlow,25,1,1,.500,3.95,0,13.2,15,7,6,2,2,0,14,109,3.41,1.244,9.9,1.3,1.3,9.2,7.00
Danny Barnes,28,2,1,.667,4.30,0,23.0,24,12,11,5,13,0,21,101,5.94,1.609,9.4,2.0,5.1,8.2,1.62
Jacob Barnes,28,0,1,.000,2.35,2,23.0,25,9,6,1,9,2,23,177,2.85,1.478,9.8,0.4,3.5,9.0,2.56
Matt Barnes,28,0,1,.000,2.03,0,26.2,14,6,6,1,13,0,35,220,2.55,1.013,4.7,0.3,4.4,11.8,2.69
Tony Barnette,34,1,0,1.000,3.45,0,15.2,13,10,6,2,3,0,14,134,3.94,1.021,7.5,1.1,1.7,8.0,4.67
Kyle Barraclough,28,0,2,.000,1.37,2,26.1,9,5,4,2,15,1,27,274,3.99,0.911,3.1,0.7,5.1,9.2,1.80
Jake Barrett,26,0,0,0,4.50,0,4.0,4,2,2,1,1,0,3,103,5.61,1.250,9.0,2.3,2.3,6.8,3.00
Jaime Barria,21,5,1,.833,2.48,0,36.1,29,10,10,4,9,0,30,166,3.88,1.046,7.2,1.0,2.2,7.4,3.33
Trevor Bauer,27,4,4,.500,2.77,0,78.0,63,31,24,5,28,2,97,161,2.69,1.167,7.3,0.6,3.2,11.2,3.46
Buddy Baumann,30,0,2,.000,27.00,0,3.1,9,13,10,1,7,2,4,17,10.91,4.800,24.3,2.7,18.9,10.8,0.57
Gerson Bautista,23,0,1,.000,12.46,0,4.1,8,6,6,2,5,0,3,33,11.19,3.000,16.6,4.2,10.4,6.2,0.60
Chris Beck,27,0,0,0,4.18,1,23.2,24,11,11,5,11,0,16,100,6.03,1.479,9.1,1.9,4.2,6.1,1.45
Cam Bedrosian,26,3,1,.750,4.44,1,26.1,30,13,13,4,12,0,21,93,4.97,1.595,10.3,1.4,4.1,7.2,1.75
Tyler Beede,25,0,1,.000,8.22,0,7.2,9,7,7,0,8,0,9,49,4.29,2.217,10.6,0.0,9.4,10.6,1.13
Jalen Beeks,24,0,1,.000,13.50,0,4.0,7,6,6,1,3,0,4,35,6.61,2.500,15.8,2.3,6.8,9.0,1.33
Matt Belisle,38,0,0,0,5.06,0,10.2,9,6,6,1,1,0,4,91,4.43,0.938,7.6,0.8,0.8,3.4,4.00
Jeff Beliveau,31,0,0,0,11.57,1,4.2,7,6,6,2,5,0,2,41,11.68,2.571,13.5,3.9,9.6,3.9,0.40
Chad Bell,29,0,1,.000,8.59,0,7.1,14,7,7,1,2,1,7,54,3.79,2.182,17.2,1.2,2.5,8.6,3.50
Christian Bergman,30,0,0,0,0.00,0,7.0,2,0,0,0,0,0,5,0,1.68,0.286,2.6,0.0,0.0,6.4,0
Jose Berrios,24,7,5,.583,3.66,0,83.2,63,34,34,10,14,0,84,114,3.30,0.920,6.8,1.1,1.5,9.0,6.00
Dellin Betances,30,1,2,.333,3.81,0,26.0,20,12,11,4,11,0,45,115,3.04,1.192,6.9,1.4,3.8,15.6,4.09
Chad Bettis,29,4,1,.800,4.02,0,71.2,67,32,32,9,22,0,47,115,4.40,1.242,8.4,1.1,2.8,5.9,2.14
Joe Biagini,28,0,5,.000,8.28,0,25.0,38,24,23,7,10,0,18,52,6.75,1.920,13.7,2.5,3.6,6.5,1.80
Austin Bibens-Dirkx,33,0,1,.000,6.55,0,11.0,17,10,8,1,1,0,11,71,3.11,1.636,13.9,0.8,0.8,9.0,11.00
Jesse Biddle,26,1,0,1.000,2.57,0,21.0,16,6,6,2,10,2,24,152,3.64,1.238,6.9,0.9,4.3,10.3,2.40
Shane Bieber,23,0,0,0,6.35,0,5.2,8,4,4,2,1,0,6,74,6.11,1.588,12.7,3.2,1.6,9.5,6.00
Ty Blach,27,3,5,.375,4.73,0,64.2,78,38,34,4,23,0,33,82,4.01,1.562,10.9,0.6,3.2,4.6,1.43
Paul Blackburn,24,1,0,1.000,1.50,0,6.0,3,1,1,1,0,0,3,285,4.28,0.500,4.5,1.5,0.0,4.5,0
Richard Bleier,31,3,0,1.000,2.05,0,30.2,36,7,7,0,4,1,13,204,2.75,1.304,10.6,0.0,1.2,3.8,3.25
Jerry Blevins,34,1,1,.500,5.40,0,13.1,14,8,8,0,10,0,9,72,4.01,1.800,9.5,0.0,6.8,6.1,0.90
Matthew Bowman,27,0,1,.000,5.82,0,17.0,21,11,11,4,9,1,20,68,5.58,1.765,11.1,2.1,4.8,10.6,2.22
Brad Boxberger,30,1,2,.333,2.82,14,22.1,18,9,7,3,10,1,31,153,3.43,1.254,7.3,1.2,4.0,12.5,3.10
Matt Boyd,27,4,4,.500,3.20,0,70.1,51,25,25,6,26,0,54,138,3.97,1.095,6.5,0.8,3.3,6.9,2.08
Blaine Boyer,36,2,0,1.000,11.76,1,20.2,31,31,27,6,12,3,9,36,7.76,2.081,13.5,2.6,5.2,3.9,0.75
Brad Brach,32,0,2,.000,4.24,10,23.1,27,12,11,1,14,1,25,99,3.33,1.757,10.4,0.4,5.4,9.6,1.79
Silvino Bracho,25,1,0,1.000,1.08,0,8.1,3,1,1,0,4,0,12,410,2.75,0.840,3.2,0.0,4.3,13.0,3.00
Chase Bradford,28,4,0,1.000,1.82,0,24.2,20,5,5,2,6,0,20,224,3.52,1.054,7.3,0.7,2.2,7.3,3.33
Archie Bradley,25,1,1,.500,2.43,2,29.2,20,8,8,3,8,0,30,177,3.21,0.944,6.1,0.9,2.4,9.1,3.75
Steven Brault,26,5,1,.833,4.60,0,45.0,36,24,23,5,23,2,40,86,4.58,1.311,7.2,1.0,4.6,8.0,1.74
John Brebbia,28,0,1,.000,3.86,1,18.2,17,8,8,2,4,0,19,103,3.11,1.125,8.2,1.0,1.9,9.2,4.75
Colten Brewer,25,0,0,0,0.00,0,0.2,4,4,0,0,2,0,1,0,9.11,9.000,54.0,0.0,27.0,13.5,0.50
Austin Brice,26,1,2,.333,5.19,0,26.0,27,17,15,4,9,4,26,78,4.38,1.385,9.3,1.4,3.1,9.0,2.89
Parker Bridwell,26,0,0,0,32.40,0,1.2,7,6,6,3,0,0,0,15,26.51,4.200,37.8,16.2,0.0,0.0,0
Rex Brothers,30,0,0,0,inf,0,0.0,0,1,1,0,2,0,0,17,0,0,0,0,0,0,0.00
Clay Buchholz,33,1,1,.500,1.88,0,24.0,17,5,5,3,3,0,21,230,3.36,0.833,6.4,1.1,1.1,7.9,7.00
Ryan Buchter,31,1,0,1.000,1.69,0,10.2,10,4,2,1,4,0,11,247,3.39,1.313,8.4,0.8,3.4,9.3,2.75
Walker Buehler,23,3,1,.750,2.74,0,46.0,36,15,14,2,11,0,50,139,2.35,1.022,7.0,0.4,2.2,9.8,4.55
Madison Bumgarner,28,0,1,.000,3.00,0,6.0,8,2,2,0,0,0,3,137,2.11,1.333,12.0,0.0,0.0,4.5,0
Aaron Bummer,24,0,1,.000,3.26,0,19.1,27,11,7,0,6,0,21,128,2.03,1.707,12.6,0.0,2.8,9.8,3.50
Dylan Bundy,25,4,7,.364,4.04,0,75.2,72,40,34,16,23,1,88,103,4.57,1.256,8.6,1.9,2.7,10.5,3.83
Alan Busenitz,27,1,0,1.000,6.75,0,4.0,8,3,3,1,2,0,7,67,5.11,2.500,18.0,2.3,4.5,15.8,3.50
Matt Bush,32,0,0,0,4.50,0,20.0,19,11,10,2,12,0,16,102,4.91,1.550,8.6,0.9,5.4,7.2,1.33
Eddie Butler,27,0,1,.000,4.30,0,14.2,12,9,7,1,5,0,10,98,3.66,1.159,7.4,0.6,3.1,6.1,2.00
Trevor Cahill,30,1,2,.333,2.77,0,48.2,37,16,15,4,11,0,47,146,3.05,0.986,6.8,0.7,2.0,8.7,4.27
Shane Carle,26,3,1,.750,1.97,0,32.0,26,9,7,2,9,2,24,198,3.27,1.094,7.3,0.6,2.5,6.8,2.67
Ryan Carpenter,27,0,1,.000,6.39,0,12.2,17,10,9,4,3,0,7,71,7.30,1.579,12.1,2.8,2.1,5.0,2.33
Carlos Carrasco,31,7,4,.636,4.23,0,83.0,79,40,39,11,20,4,83,105,3.63,1.193,8.6,1.2,2.2,9.0,4.15
Andrew Cashner,31,2,7,.222,5.02,0,66.1,79,40,37,11,32,2,58,83,5.01,1.673,10.7,1.5,4.3,7.9,1.81
Santiago Casilla,37,0,0,0,3.32,1,21.2,11,8,8,0,14,0,14,123,4.04,1.154,4.6,0.0,5.8,5.8,1.00
Diego Castillo,24,0,0,0,0.00,0,1.0,0,0,0,0,0,0,2,0,-0.89,0.000,0.0,0.0,0.0,18.0,0
Jose Castillo,22,1,0,1.000,0.00,0,2.2,1,0,0,0,0,0,5,0,0.49,0.375,3.4,0.0,0.0,16.9,0
Luis Castillo,25,4,6,.400,5.64,0,67.0,71,44,42,13,26,1,64,71,4.89,1.448,9.5,1.7,3.5,8.6,2.46
Miguel Castro,23,1,2,.333,3.00,0,36.0,28,13,12,2,19,3,26,140,4.14,1.306,7.0,0.5,4.8,6.5,1.37
Brett Cecil,31,0,1,.000,6.75,0,8.0,11,7,6,1,6,2,6,60,5.49,2.125,12.4,1.1,6.8,6.8,1.00
Xavier Cedeno,31,0,0,0,0.00,0,1.0,0,0,0,0,1,0,0,0,6.11,1.000,0.0,0.0,9.0,0.0,0.00
Luis Cessa,26,0,0,0,4.50,0,4.0,3,2,2,0,1,0,5,104,1.36,1.000,6.8,0.0,2.3,11.3,5.00
Jhoulys Chacin,30,4,1,.800,3.39,0,69.0,59,29,26,5,29,1,50,121,4.00,1.275,7.7,0.7,3.8,6.5,1.72
Andrew Chafin,28,0,2,.000,2.18,0,20.2,16,6,5,0,11,1,22,198,2.87,1.306,7.0,0.0,4.8,9.6,2.00
Aroldis Chapman,30,2,0,1.000,1.40,15,25.2,12,4,4,0,11,0,46,312,1.05,0.896,4.2,0.0,3.9,16.1,4.18
J.T. Chargois,27,2,1,.667,4.76,0,17.0,17,9,9,2,12,2,23,81,4.23,1.706,9.0,1.1,6.4,12.2,1.92
Tyler Chatwood,28,3,4,.429,3.86,0,58.1,48,26,25,3,56,0,53,108,5.00,1.783,7.4,0.5,8.6,8.2,0.95
Jesse Chavez,34,2,0,1.000,3.58,0,37.2,40,15,15,6,7,0,35,127,3.88,1.248,9.6,1.4,1.7,8.4,5.00
Wei-Yin Chen,32,1,3,.250,5.86,0,35.1,37,23,23,8,18,2,26,64,6.20,1.557,9.4,2.0,4.6,6.6,1.44
Yonny Chirinos,24,0,1,.000,3.71,0,26.2,25,11,11,2,9,0,24,109,3.75,1.275,8.4,0.7,3.0,8.1,2.67
Adam Cimber,27,2,2,.500,2.84,0,31.2,28,10,10,0,6,0,39,136,1.31,1.074,8.0,0.0,1.7,11.1,6.50
Tony Cingrani,28,1,2,.333,4.84,0,22.1,17,12,12,2,6,1,36,79,2.13,1.030,6.9,0.8,2.4,14.5,6.00
Steve Cishek,32,1,0,1.000,1.95,1,27.2,16,7,6,1,13,0,33,214,2.93,1.048,5.2,0.3,4.2,10.7,2.54
Alex Claudio,26,4,2,.667,3.94,1,29.2,42,14,13,1,3,1,14,116,3.11,1.517,12.7,0.3,0.9,4.2,4.67
Mike Clevinger,27,4,2,.667,3.36,0,77.2,69,29,29,6,26,0,64,133,3.51,1.223,8.0,0.7,3.0,7.4,2.46
Tyler Clippard,33,4,2,.667,3.52,2,30.2,23,13,12,6,15,0,36,123,4.78,1.239,6.8,1.8,4.4,10.6,2.40
Tyler Cloyd,31,0,0,0,8.66,0,17.2,25,17,17,3,10,2,13,44,5.72,1.981,12.7,1.5,5.1,6.6,1.30
Alex Cobb,30,2,7,.222,6.19,0,52.1,74,41,36,9,13,2,32,67,4.93,1.662,12.7,1.5,2.2,5.5,2.46
A.J. Cole,26,2,1,.667,6.75,0,21.1,22,16,16,7,12,0,22,64,7.00,1.594,9.3,3.0,5.1,9.3,1.83
Gerrit Cole,27,7,1,.875,2.16,0,87.2,51,22,21,9,23,0,124,178,2.51,0.844,5.2,0.9,2.4,12.7,5.39
Louis Coleman,32,3,0,1.000,1.20,0,15.0,8,3,2,1,5,0,16,375,3.25,0.867,4.8,0.6,3.0,9.6,3.20
Tim Collins,28,0,0,0,0.00,0,3.1,4,0,0,0,1,0,3,0,2.21,1.500,10.8,0.0,2.7,8.1,3.00
Alex Colome,29,2,5,.286,4.05,12,26.2,27,14,12,1,8,1,28,101,2.63,1.313,9.1,0.3,2.7,9.5,3.50
Bartolo Colon,45,3,3,.500,4.16,0,71.1,66,34,33,16,10,1,45,109,5.27,1.065,8.3,2.0,1.3,5.7,4.50
Adam Conley,28,1,0,1.000,2.45,0,7.1,8,3,2,1,2,1,10,159,2.98,1.364,9.8,1.2,2.5,12.3,5.00
P.J. Conlon,24,0,0,0,11.12,0,5.2,12,7,7,2,2,0,2,36,8.05,2.471,19.1,3.2,3.2,3.2,1.00
Ryan Cook,31,0,0,0,3.00,0,6.0,2,2,2,0,3,0,8,143,2.45,0.833,3.0,0.0,4.5,12.0,2.67
Scott Copeland,30,0,0,0,0.00,0,1.1,1,0,0,0,0,0,2,0,0.11,0.750,6.8,0.0,0.0,13.5,0
Patrick Corbin,28,6,2,.750,2.87,0,81.2,55,26,26,10,22,0,105,149,3.05,0.943,6.1,1.1,2.4,11.6,4.77
Nestor Cortes,23,0,0,0,7.71,0,4.2,10,4,4,2,4,0,3,58,9.97,3.000,19.3,3.9,7.7,5.8,0.75
Danny Coulombe,28,1,1,.500,4.79,0,20.2,19,12,11,4,8,0,24,86,4.47,1.306,8.3,1.7,3.5,10.5,3.00
Dylan Covey,26,1,1,.500,2.82,0,22.1,22,11,7,0,10,0,21,148,2.58,1.433,8.9,0.0,4.0,8.5,2.10
Kyle Crick,25,0,0,0,2.66,1,20.1,17,8,6,1,11,2,20,151,3.41,1.377,7.5,0.4,4.9,8.9,1.82
Johnny Cueto,32,3,0,1.000,0.84,0,32.0,16,3,3,1,6,0,26,461,2.74,0.688,4.5,0.3,1.7,7.3,4.33
Zac Curtis,25,0,0,0,3.38,0,5.1,5,2,2,0,7,1,5,125,5.18,2.250,8.4,0.0,11.8,8.4,0.71
John Curtiss,25,0,1,.000,40.50,0,0.2,2,3,3,0,2,1,1,16,9.11,6.000,27.0,0.0,27.0,13.5,0.50
Yu Darvish,31,1,3,.250,4.95,0,40.0,36,24,22,7,21,0,49,84,4.81,1.425,8.1,1.6,4.7,11.0,2.33
Zach Davies,25,2,5,.286,5.23,0,43.0,45,26,25,7,17,3,31,79,5.25,1.442,9.4,1.5,3.6,6.5,1.82
Wade Davis,32,0,1,.000,3.42,20,26.1,17,10,10,3,12,0,31,136,3.83,1.101,5.8,1.0,4.1,10.6,2.58
Jorge De La Rosa,37,0,2,.000,3.54,0,20.1,16,8,8,3,9,2,11,122,5.42,1.230,7.1,1.3,4.0,4.9,1.22
Jacob deGrom,30,4,0,1.000,1.49,0,72.1,54,13,12,3,21,2,98,254,1.94,1.037,6.7,0.4,2.6,12.2,4.67
Daniel Descalso,31,0,0,0,0.00,0,0.2,0,0,0,0,0,0,1,0,0.11,0.000,0.0,0.0,0.0,13.5,0
Anthony DeSclafani,28,0,1,.000,7.20,0,5.0,6,4,4,1,1,0,5,60,4.31,1.400,10.8,1.8,1.8,9.0,5.00
Odrisamer Despaigne,31,2,0,1.000,5.31,0,20.1,22,16,12,1,8,1,18,71,3.31,1.475,9.7,0.4,3.5,8.0,2.25
Chris Devenski,27,2,1,.667,1.88,2,24.0,18,5,5,2,7,1,30,207,2.70,1.042,6.8,0.8,2.6,11.3,4.29
Edwin Diaz,24,0,2,.000,2.84,21,31.2,15,10,10,2,12,0,52,143,2.07,0.853,4.3,0.6,3.4,14.8,4.33
Jake Diekman,31,1,0,1.000,3.38,1,21.1,19,9,8,1,15,1,27,136,3.44,1.594,8.0,0.4,6.3,11.4,1.80
Seranthony Dominguez,23,1,0,1.000,1.13,2,16.0,3,2,2,0,1,0,17,357,1.36,0.250,1.7,0.0,0.6,9.6,17.00
Sean Doolittle,31,2,2,.500,1.65,15,27.1,13,5,5,2,3,1,39,247,1.76,0.585,4.3,0.7,1.0,12.8,13.00
Oliver Drake,31,1,0,1.000,7.79,0,17.1,23,15,15,0,10,1,20,57,2.71,1.904,11.9,0.0,5.2,10.4,2.00
Brian Duensing,35,2,0,1.000,2.29,1,19.2,16,6,5,1,11,0,13,184,4.28,1.373,7.3,0.5,5.0,5.9,1.18
Tyler Duffey,27,1,1,.500,6.97,0,10.1,14,9,8,4,1,0,7,62,7.08,1.452,12.2,3.5,0.9,6.1,7.00
Danny Duffy,29,2,6,.250,5.81,0,69.2,78,46,45,16,34,1,54,72,6.06,1.608,10.1,2.1,4.4,7.0,1.59
Zach Duke,35,2,2,.500,3.48,0,20.2,22,10,8,0,11,3,23,121,3.06,1.597,9.6,0.0,4.8,10.0,2.09
Ryan Dull,28,0,0,0,5.06,0,16.0,19,9,9,3,4,0,17,81,4.18,1.438,10.7,1.7,2.3,9.6,4.25
Mike Dunn,33,0,0,0,9.00,0,16.0,20,16,16,1,17,0,12,52,5.61,2.313,11.3,0.6,9.6,6.8,0.71
Sam Dyson,30,2,0,1.000,2.30,0,27.1,20,7,7,2,8,1,23,169,3.37,1.024,6.6,0.7,2.6,7.6,2.88
Carl Edwards,26,2,1,.667,2.88,0,25.0,18,8,8,2,12,1,40,145,2.39,1.200,6.5,0.7,4.3,14.4,3.33
Zach Eflin,24,2,2,.500,3.74,0,33.2,34,17,14,4,9,0,31,106,3.62,1.277,9.1,1.1,2.4,8.3,3.44
Roenis Elias,29,1,0,1.000,0.00,0,2.0,2,0,0,0,0,0,1,0,2.11,1.000,9.0,0.0,0.0,4.5,0
Nathan Eovaldi,28,1,1,.500,3.27,0,11.0,4,4,4,1,2,0,8,126,3.39,0.545,3.3,0.8,1.6,6.5,4.00
Robbie Erlin,27,1,3,.250,4.14,0,37.0,35,18,17,4,4,0,29,93,3.28,1.054,8.5,1.0,1.0,7.1,7.25
Marco Estrada,34,2,6,.250,5.29,0,64.2,75,38,38,12,17,0,48,81,4.83,1.423,10.4,1.7,2.4,6.7,2.82
Jeurys Familia,28,2,3,.400,2.48,14,29.0,27,8,8,1,9,1,33,154,2.32,1.241,8.4,0.3,2.8,10.2,3.67
Jake Faria,24,3,3,.500,5.48,0,47.2,41,29,29,7,22,1,37,73,5.04,1.322,7.7,1.3,4.2,7.0,1.68
Buck Farmer,27,1,3,.250,6.35,0,28.1,37,22,20,5,15,1,31,70,4.81,1.835,11.8,1.6,4.8,9.8,2.07
Danny Farquhar,31,1,1,.500,5.63,0,8.0,6,5,5,3,0,0,9,76,5.74,0.750,6.8,3.4,0.0,10.1,0
Luke Farrell,27,2,2,.500,3.86,0,11.2,12,8,5,3,3,1,17,110,4.31,1.286,9.3,2.3,2.3,13.1,5.67
Erick Fedde,25,0,1,.000,4.76,0,5.2,6,3,3,0,1,0,6,90,1.52,1.235,9.5,0.0,1.6,9.5,6.00
Michael Feliz,25,0,2,.000,6.31,0,25.2,26,18,18,4,14,0,31,63,4.48,1.558,9.1,1.4,4.9,10.9,2.21
Caleb Ferguson,21,0,0,0,21.60,0,1.2,2,4,4,0,3,0,3,22,8.51,3.000,10.8,0.0,16.2,16.2,1.00
Johnny Field,26,0,0,0,0.00,0,1.0,0,0,0,0,1,0,0,0,6.11,1.000,0.0,0.0,9.0,0.0,0.00
Josh Fields,32,2,2,.500,2.79,2,29.0,20,9,9,4,8,0,23,137,4.15,0.966,6.2,1.2,2.5,7.1,2.88
Mike Fiers,33,5,3,.625,4.33,0,60.1,68,32,29,12,13,1,42,102,5.10,1.343,10.1,1.8,1.9,6.3,3.23
Brandon Finnegan,25,0,3,.000,7.40,0,20.2,27,20,17,5,15,2,14,55,7.08,2.032,11.8,2.2,6.5,6.1,0.93
Doug Fister,34,1,6,.143,4.13,0,61.0,67,35,28,10,17,0,38,110,5.13,1.377,9.9,1.5,2.5,5.6,2.24
Jack Flaherty,22,2,2,.500,3.20,0,39.1,36,17,14,5,10,0,42,122,3.55,1.169,8.2,1.1,2.3,9.6,4.20
Chris Flexen,23,0,0,0,13.50,0,2.0,8,7,3,0,3,0,1,34,6.61,5.500,36.0,0.0,13.5,4.5,0.33
Pedro Florimon,31,0,0,0,9.00,0,2.0,1,2,2,1,1,0,0,52,11.11,1.000,4.5,4.5,4.5,0.0,0.00
Dylan Floro,27,2,1,.667,3.12,0,26.0,32,10,9,1,8,3,21,130,2.92,1.538,11.1,0.3,2.8,7.3,2.63
Brian Flynn,28,0,1,.000,4.97,1,29.0,37,17,16,2,15,1,18,85,4.63,1.793,11.5,0.6,4.7,5.6,1.20
Mike Foltynewicz,26,5,4,.556,2.31,0,74.0,55,23,19,5,33,0,88,167,2.99,1.189,6.7,0.6,4.0,10.7,2.67
Wilmer Font,28,0,2,.000,9.78,0,23.0,34,25,25,11,8,1,18,42,8.94,1.826,13.3,4.3,3.1,7.0,2.25
Kyle Freeland,25,6,5,.545,3.48,0,72.1,67,28,28,9,22,1,62,133,3.97,1.230,8.3,1.1,2.7,7.7,2.82
Sam Freeman,31,1,2,.333,3.33,0,24.1,15,11,9,1,14,1,24,117,3.65,1.192,5.5,0.4,5.2,8.9,1.71
Max Fried,24,0,2,.000,4.09,0,11.0,9,6,5,3,7,0,13,97,6.48,1.455,7.4,2.5,5.7,10.6,1.86
Jace Fry,24,0,0,0,2.45,1,14.2,7,5,4,1,8,0,17,172,3.32,1.023,4.3,0.6,4.9,10.4,2.13
Carson Fulmer,24,2,4,.333,8.07,0,32.1,37,32,29,8,24,0,29,51,7.23,1.887,10.3,2.2,6.7,8.1,1.21
Michael Fulmer,25,2,5,.286,4.73,0,66.2,64,38,35,9,27,0,55,94,4.61,1.365,8.6,1.2,3.6,7.4,2.04
Yovani Gallardo,32,0,0,0,30.86,0,2.1,8,8,8,1,4,0,2,15,12.11,5.143,30.9,3.9,15.4,7.7,0.50
Giovanny Gallegos,26,0,0,0,0.00,0,2.0,2,0,0,0,0,0,1,0,2.11,1.000,9.0,0.0,0.0,4.5,0
John Gant,25,1,2,.333,4.74,0,24.2,20,15,13,1,9,0,26,83,2.75,1.176,7.3,0.4,3.3,9.5,2.89
Jaime Garcia,31,2,4,.333,5.57,0,53.1,59,36,33,9,24,1,50,77,4.95,1.556,10.0,1.5,4.1,8.4,2.08
Jarlin Garcia,25,1,1,.500,4.41,0,51.0,41,26,25,13,21,3,32,84,6.41,1.216,7.2,2.3,3.7,5.6,1.52
Luis Garcia,31,2,1,.667,3.47,1,23.1,14,9,9,1,6,1,20,115,3.24,0.857,5.4,0.4,2.3,7.7,3.33
Yimi Garcia,27,1,1,.500,4.50,0,12.0,13,7,6,2,2,0,9,87,4.78,1.250,9.8,1.5,1.5,6.8,4.50
Nick Gardewine,24,0,0,0,3.60,0,5.0,7,2,2,0,0,0,4,134,2.11,1.400,12.6,0.0,0.0,7.2,0
Amir Garrett,26,0,0,0,2.34,0,34.2,25,9,9,4,11,0,40,173,3.43,1.038,6.5,1.0,2.9,10.4,3.64
Kevin Gausman,27,3,5,.375,4.63,0,70.0,81,37,36,13,17,0,68,90,4.44,1.400,10.4,1.7,2.2,8.7,4.00
Sam Gaviglio,28,2,1,.667,2.51,0,28.2,21,8,8,4,7,0,26,172,3.95,0.977,6.6,1.3,2.2,8.2,3.71
Cory Gearrin,32,0,1,.000,4.94,1,23.2,28,13,13,5,13,1,25,79,5.77,1.732,10.6,1.9,4.9,9.5,1.92
Domingo German,25,0,4,.000,5.44,0,41.1,36,26,25,6,19,0,44,80,4.40,1.331,7.8,1.3,4.1,9.6,2.32
Kyle Gibson,30,1,3,.250,3.54,0,68.2,53,28,27,6,30,0,73,118,3.52,1.209,6.9,0.8,3.9,9.6,2.43
Ken Giles,27,0,1,.000,5.40,10,20.0,25,12,12,1,1,0,19,72,2.01,1.300,11.3,0.5,0.5,8.6,19.00
Lucas Giolito,23,4,6,.400,7.08,0,61.0,62,50,48,8,39,0,31,58,6.21,1.656,9.1,1.2,5.8,4.6,0.79
Mychal Givens,28,0,1,.000,3.77,1,31.0,27,14,13,1,15,2,38,111,2.63,1.355,7.8,0.3,4.4,11.0,2.53
Tyler Glasnow,24,1,1,.500,4.89,0,35.0,31,19,19,4,18,1,45,81,3.57,1.400,8.0,1.0,4.6,11.6,2.50
Zack Godley,28,5,5,.500,5.12,0,65.0,69,42,37,10,33,0,62,83,4.87,1.569,9.6,1.4,4.6,8.6,1.88
Erik Goeddel,29,3,0,1.000,0.51,0,17.2,10,1,1,0,11,2,20,794,2.72,1.189,5.1,0.0,5.6,10.2,1.82
Luiz Gohara,21,0,1,.000,6.94,1,11.2,12,9,9,1,7,0,11,57,4.14,1.629,9.3,0.8,5.4,8.5,1.57
Austin Gomber,24,0,0,0,4.50,0,4.0,1,2,2,1,3,0,2,95,7.61,1.000,2.3,2.3,6.8,4.5,0.67
Roberto Gomez,28,1,0,1.000,7.71,0,9.1,20,11,8,0,1,0,8,52,2.04,2.250,19.3,0.0,1.0,7.7,8.00
Marco Gonzales,26,6,3,.667,3.38,0,66.2,70,27,25,5,17,0,59,120,3.22,1.305,9.5,0.7,2.3,8.0,3.47
Gio Gonzalez,32,6,2,.750,2.27,0,71.1,60,20,18,4,28,1,72,177,3.00,1.234,7.6,0.5,3.5,9.1,2.57
Merandy Gonzalez,22,2,0,1.000,4.85,0,13.0,18,7,7,1,7,1,11,79,4.04,1.923,12.5,0.7,4.8,7.6,1.57
Miguel Gonzalez,34,0,3,.000,12.41,0,12.1,24,18,17,4,6,0,5,34,7.98,2.432,17.5,2.9,4.4,3.6,0.83
Nick Goody,26,0,2,.000,6.94,0,11.2,15,9,9,4,5,1,12,66,7.06,1.714,11.6,3.1,3.9,9.3,2.40
Daniel Gossett,25,0,3,.000,5.18,0,24.1,25,14,14,5,8,0,12,79,5.91,1.356,9.2,1.8,3.0,4.4,1.50
Trevor Gott,25,0,2,.000,5.28,0,15.1,14,10,9,2,7,1,12,78,5.00,1.370,8.2,1.2,4.1,7.0,1.71
Matt Grace,29,0,0,0,4.63,0,11.2,7,7,6,2,4,0,11,89,4.74,0.943,5.4,1.5,3.1,8.5,2.75
Kendall Graveman,27,1,5,.167,7.60,0,34.1,44,32,29,9,13,0,27,54,6.17,1.660,11.5,2.4,3.4,7.1,2.08
Jon Gray,26,6,6,.500,5.66,0,70.0,84,45,44,7,22,1,81,82,3.13,1.514,10.8,0.9,2.8,10.4,3.68
Sonny Gray,28,4,4,.500,4.81,0,63.2,63,34,34,7,30,0,58,90,4.32,1.461,8.9,1.0,4.2,8.2,1.93
Chad Green,27,3,0,1.000,2.10,0,30.0,22,8,7,3,7,0,38,208,2.58,0.967,6.6,0.9,2.1,11.4,5.43
Shane Greene,29,2,2,.500,3.38,15,29.1,28,14,11,5,9,1,34,132,4.03,1.261,8.6,1.5,2.8,10.4,3.78
Luke Gregerson,34,0,0,0,8.64,0,8.1,8,8,8,2,3,0,8,47,5.39,1.320,8.6,2.2,3.2,8.6,2.67
Zack Greinke,34,4,4,.500,3.44,0,73.1,66,28,28,11,11,0,78,124,3.47,1.050,8.1,1.4,1.4,9.6,7.09
Justin Grimm,29,0,2,.000,21.86,0,7.0,12,17,17,2,9,0,6,20,8.97,3.000,15.4,2.6,11.6,7.7,0.67
Robert Gsellman,24,5,1,.833,3.19,2,36.2,31,14,13,3,16,4,36,119,3.69,1.282,7.6,0.7,3.9,8.8,2.25
Junior Guerra,33,3,4,.429,2.83,0,60.1,48,20,19,6,21,0,56,145,3.74,1.144,7.2,0.9,3.1,8.4,2.67
Tayron Guerrero,27,0,2,.000,5.67,0,27.0,28,19,17,3,16,1,37,66,3.82,1.630,9.3,1.0,5.3,12.3,2.31
Preston Guilmet,30,0,1,.000,22.50,0,2.0,7,5,5,2,0,0,3,21,13.11,3.500,31.5,9.0,0.0,13.5,0
Jedd Gyorko,29,0,0,0,9.00,0,1.0,2,1,1,1,0,0,0,60,19.11,2.000,18.0,9.0,0.0,0.0,0
Josh Hader,24,2,0,1.000,1.05,6,34.1,10,5,4,2,13,0,69,394,0.99,0.670,2.6,0.5,3.4,18.1,5.31
David Hale,30,0,0,0,6.75,0,8.0,11,6,6,3,4,0,7,69,8.11,1.875,12.4,3.4,4.5,7.9,1.75
Cole Hamels,34,3,6,.333,3.86,0,79.1,69,38,34,17,29,0,79,118,5.38,1.235,7.8,1.9,3.3,9.0,2.72
Jason Hammel,35,2,6,.250,5.12,0,77.1,90,46,44,9,21,2,52,82,4.21,1.435,10.5,1.0,2.4,6.1,2.48
Justin Hancock,27,0,0,0,1.74,0,10.1,4,2,2,1,7,0,10,245,4.47,1.065,3.5,0.9,6.1,8.7,1.43
Brad Hand,28,1,3,.250,2.01,18,31.1,19,13,7,3,14,0,49,192,2.86,1.053,5.5,0.9,4.0,14.1,3.50
J.A. Happ,35,7,3,.700,4.08,0,70.2,60,34,32,10,20,0,87,105,3.47,1.132,7.6,1.3,2.5,11.1,4.35
Blaine Hardy,31,2,1,.667,3.66,0,32.0,30,13,13,3,8,1,22,122,3.89,1.188,8.4,0.8,2.3,6.2,2.75
Will Harris,33,1,3,.250,4.71,0,21.0,24,11,11,2,6,1,22,82,3.11,1.429,10.3,0.9,2.6,9.4,3.67
Donnie Hart,27,0,0,0,1.59,0,5.2,6,2,1,0,0,0,2,278,2.41,1.059,9.5,0.0,0.0,3.2,0
Matt Harvey,29,1,4,.200,5.79,0,51.1,59,34,33,10,14,0,39,68,5.00,1.422,10.3,1.8,2.5,6.8,2.79
Chris Hatcher,33,3,2,.600,4.35,0,20.2,28,13,10,4,8,0,16,94,5.24,1.742,12.2,1.7,3.5,7.0,2.00
Andrew Heaney,27,3,4,.429,3.12,0,60.2,48,27,21,4,19,0,58,131,3.20,1.104,7.1,0.6,2.8,8.6,3.05
Jeremy Hellickson,31,2,0,1.000,2.28,0,43.1,34,12,11,4,6,0,34,177,3.30,0.923,7.1,0.8,1.2,7.1,5.67
Heath Hembree,29,2,1,.667,4.39,0,26.2,26,13,13,3,13,1,32,102,3.64,1.463,8.8,1.0,4.4,10.8,2.46
Kyle Hendricks,28,4,5,.444,3.59,0,72.2,63,31,29,12,17,4,57,115,4.48,1.101,7.8,1.5,2.1,7.1,3.35
Liam Hendriks,29,0,0,0,9.64,0,4.2,7,5,5,1,6,0,2,45,8.90,2.786,13.5,1.9,11.6,3.9,0.33
David Hernandez,33,1,0,1.000,2.33,0,19.1,14,6,5,0,8,1,18,175,2.65,1.138,6.5,0.0,3.7,8.4,2.25
Elieser Hernandez,23,0,3,.000,4.29,0,21.0,25,10,10,5,3,0,10,88,5.68,1.333,10.7,2.1,1.3,4.3,3.33
Felix Hernandez,32,6,4,.600,5.33,0,74.1,70,45,44,11,29,0,62,76,4.86,1.332,8.5,1.3,3.5,7.5,2.14
Kelvin Herrera,28,1,1,.500,0.76,13,23.2,17,2,2,1,0,0,20,559,1.97,0.718,6.5,0.4,0.0,7.6,0
David Hess,24,2,2,.500,3.07,0,29.1,27,10,10,6,8,1,16,137,5.50,1.193,8.3,1.8,2.5,4.9,2.00
Jordan Hicks,21,2,1,.667,2.32,0,31.0,18,9,8,0,19,1,20,169,3.95,1.194,5.2,0.0,5.5,5.8,1.05
Trevor Hildenberger,27,1,1,.500,2.61,0,31.0,25,9,9,5,7,3,25,161,4.37,1.032,7.3,1.5,2.0,7.3,3.57
Rich Hill,38,1,2,.333,6.20,0,24.2,30,18,17,7,13,2,25,62,6.36,1.743,10.9,2.6,4.7,9.1,1.92
Tim Hill,28,1,2,.333,4.12,0,19.2,18,11,9,1,8,0,20,104,3.11,1.322,8.2,0.5,3.7,9.2,2.50
Yoshihisa Hirano,34,2,0,1.000,1.73,0,26.0,16,5,5,2,8,1,25,248,3.11,0.923,5.5,0.7,2.8,8.7,3.13
Bryan Holaday,30,0,0,0,0.00,0,1.0,0,0,0,0,0,0,1,0,1.11,0.000,0.0,0.0,0.0,9.0,0
Jonathan Holder,25,1,1,.500,2.75,0,19.2,15,10,6,1,3,1,21,160,2.10,0.915,6.9,0.5,1.4,9.6,7.00
Derek Holland,31,3,6,.333,4.91,0,62.1,57,37,34,9,25,1,53,79,4.54,1.316,8.2,1.3,3.6,7.7,2.12
Greg Holland,32,0,2,.000,9.45,0,13.1,20,15,14,1,15,1,10,42,5.96,2.625,13.5,0.7,10.1,6.8,0.67
Clay Holmes,25,0,0,0,4.50,0,2.0,2,1,1,0,2,0,2,104,4.11,2.000,9.0,0.0,9.0,9.0,1.00
J.J. Hoover,30,0,1,.000,20.25,0,1.1,4,3,3,1,2,0,0,26,17.36,4.500,27.0,6.8,13.5,0.0,0.00
Adrian Houser,25,0,0,0,0.00,0,4.0,3,0,0,0,0,0,6,0,0.11,0.750,6.8,0.0,0.0,13.5,0
James Hoyt,31,0,0,0,0.00,0,0.1,1,0,0,0,1,0,0,0,12.11,6.000,27.0,0.0,27.0,0.0,0.00
Chih-Wei Hu,24,0,0,0,10.13,0,2.2,3,3,3,1,1,0,2,45,7.61,1.500,10.1,3.4,3.4,6.8,2.00
Daniel Hudson,31,1,2,.333,4.84,0,22.1,23,15,12,2,11,1,18,79,4.14,1.522,9.3,0.8,4.4,7.3,1.64
Jared Hughes,32,2,2,.500,1.08,3,33.1,24,4,4,1,8,1,24,375,2.96,0.960,6.5,0.3,2.2,6.5,3.00
Phil Hughes,32,0,0,0,6.32,0,15.2,20,11,11,5,6,1,13,67,6.94,1.660,11.5,2.9,3.4,7.5,2.17
Tommy Hunter,31,1,0,1.000,4.20,0,15.0,18,7,7,1,3,0,14,96,2.71,1.400,10.8,0.6,1.8,8.4,4.67
Drew Hutchison,27,1,1,.500,4.64,0,21.1,21,11,11,4,13,0,19,86,5.74,1.594,8.9,1.7,5.5,8.0,1.46
Raisel Iglesias,28,1,0,1.000,2.08,9,26.0,16,6,6,4,9,0,32,196,3.81,0.962,5.5,1.4,3.1,11.1,3.56
Greg Infante,30,1,1,.500,8.00,0,9.0,12,8,8,0,8,2,6,53,4.45,2.222,12.0,0.0,8.0,6.0,0.75
Luke Jackson,26,0,0,0,6.23,1,4.1,2,3,3,1,4,1,8,67,5.88,1.385,4.2,2.1,8.3,16.6,2.00
Kenley Jansen,30,0,1,.000,2.83,15,28.2,22,11,9,4,7,0,31,135,3.50,1.012,6.9,1.3,2.2,9.7,4.43
Jeremy Jeffress,30,5,0,1.000,0.59,3,30.2,14,3,2,1,11,2,28,704,2.79,0.815,4.1,0.3,3.2,8.2,2.55
Dan Jennings,31,3,1,.750,3.41,0,29.0,29,12,11,2,9,1,23,121,3.35,1.310,9.0,0.6,2.8,7.1,2.56
Kevin Jepsen,33,0,3,.000,5.94,0,16.2,15,13,11,4,11,1,8,78,7.43,1.560,8.1,2.2,5.9,4.3,0.73
Joe Jimenez,23,2,0,1.000,2.37,1,30.1,26,12,8,1,8,2,32,187,2.32,1.121,7.7,0.3,2.4,9.5,4.00
Brian Johnson,27,1,2,.333,4.83,0,31.2,37,17,17,4,8,0,28,92,3.74,1.421,10.5,1.1,2.3,8.0,3.50
Jim Johnson,35,2,2,.500,3.62,1,32.1,31,16,13,3,11,1,30,114,3.48,1.299,8.6,0.8,3.1,8.4,2.73
Pierce Johnson,27,3,2,.600,5.83,0,29.1,23,19,19,2,14,1,20,67,4.07,1.261,7.1,0.6,4.3,6.1,1.43
Nate Jones,32,2,2,.500,4.30,4,23.0,20,11,11,3,12,0,26,97,4.37,1.391,7.8,1.2,4.7,10.2,2.17
Jakob Junis,25,5,5,.500,3.62,0,74.2,66,30,30,12,18,1,71,116,4.22,1.125,8.0,1.4,2.2,8.6,3.94
Ariel Jurado,22,0,1,.000,7.71,0,4.2,6,4,4,0,2,1,2,63,3.54,1.714,11.6,0.0,3.9,3.9,1.00
Tommy Kahnle,28,1,0,1.000,7.00,0,9.0,6,11,7,1,10,0,10,64,5.67,1.778,6.0,1.0,10.0,10.0,1.00
Keone Kela,25,3,2,.600,4.03,14,22.1,18,10,10,2,7,0,27,114,2.80,1.119,7.3,0.8,2.8,10.9,3.86
Brad Keller,22,1,2,.333,2.12,0,29.2,25,7,7,1,9,1,19,200,3.18,1.146,7.6,0.3,2.7,5.8,2.11
Shawn Kelley,34,0,0,0,4.76,0,11.1,10,6,6,4,3,1,13,87,6.20,1.147,7.9,3.2,2.4,10.3,4.33
Joe Kelly,30,3,0,1.000,2.96,2,27.1,14,9,9,2,12,0,28,150,3.55,0.951,4.6,0.7,4.0,9.2,2.33
Ian Kennedy,33,1,6,.143,5.76,0,65.2,83,44,42,12,25,2,62,73,4.74,1.645,11.4,1.6,3.4,8.5,2.48
Clayton Kershaw,30,1,4,.200,2.76,0,49.0,44,15,15,7,11,0,53,138,3.48,1.122,8.1,1.3,2.0,9.7,4.82
Dallas Keuchel,30,3,8,.273,4.13,0,80.2,77,38,37,12,22,0,63,93,4.30,1.227,8.6,1.3,2.5,7.0,2.86
Craig Kimbrel,30,1,1,.500,2.08,19,26.0,15,6,6,5,6,0,36,215,3.54,0.808,5.2,1.7,2.1,12.5,6.00
Nick Kingham,26,2,2,.500,4.03,0,29.0,24,14,13,4,5,1,30,99,3.46,1.000,7.4,1.2,1.6,9.3,6.00
Tyler Kinley,27,0,0,0,24.30,0,3.1,9,9,9,2,4,0,4,19,12.11,3.900,24.3,5.4,10.8,10.8,1.00
Brandon Kintzler,33,1,2,.333,3.58,2,27.2,26,11,11,1,12,3,21,113,3.47,1.373,8.5,0.3,3.9,6.8,1.75
Andrew Kittredge,28,1,2,.333,9.72,0,16.2,26,19,18,3,7,2,11,42,5.39,1.980,14.0,1.6,3.8,5.9,1.57
Corey Kluber,32,9,2,.818,1.96,0,91.2,68,22,20,11,10,0,95,227,2.96,0.851,6.7,1.1,1.0,9.3,9.50
Corey Knebel,26,0,0,0,4.76,5,11.1,7,6,6,3,6,0,15,89,5.76,1.147,5.6,2.4,4.8,11.9,2.50
Matt Koch,27,4,3,.571,3.76,0,55.0,51,24,23,9,13,1,31,113,5.04,1.164,8.3,1.5,2.1,5.1,2.38
George Kontos,33,2,3,.400,5.03,1,19.2,23,12,11,4,5,0,9,80,6.06,1.424,10.5,1.8,2.3,4.1,1.80
Ian Krol,27,0,0,0,0.00,0,2.0,1,0,0,0,1,0,2,0,2.61,1.000,4.5,0.0,4.5,9.0,2.00
Chad Kuhl,25,4,3,.571,3.86,0,67.2,64,32,29,12,25,0,63,102,4.80,1.315,8.5,1.6,3.3,8.4,2.52
Ryan LaMarre,29,0,0,0,13.50,0,0.2,1,1,1,1,0,0,0,48,22.61,1.500,13.5,13.5,0.0,0.0,0
Eric Lauer,23,2,3,.400,6.82,0,34.1,51,27,26,7,17,0,32,56,5.38,1.981,13.4,1.8,4.5,8.4,1.88
Derek Law,27,0,0,0,7.00,0,9.0,12,9,7,0,4,0,10,57,2.56,1.778,12.0,0.0,4.0,10.0,2.50
Casey Lawrence,30,0,0,0,10.13,0,8.0,10,9,9,0,4,0,7,42,3.61,1.750,11.3,0.0,4.5,7.9,1.75
Mike Leake,30,6,3,.667,4.46,0,80.2,86,42,40,11,17,1,50,91,4.39,1.277,9.6,1.2,1.9,5.6,2.94
Wade LeBlanc,33,1,0,1.000,2.94,0,49.0,48,16,16,6,12,0,38,138,3.95,1.224,8.8,1.1,2.2,7.0,3.17
Jose Leclerc,24,1,1,.500,1.66,0,21.2,8,10,4,0,12,1,28,277,2.33,0.923,3.3,0.0,5.0,11.6,2.33
Mark Leiter,27,0,0,0,0.00,0,2.0,1,0,0,0,0,0,0,0,3.11,0.500,4.5,0.0,0.0,0.0,0
Dominic Leone,26,1,2,.333,4.15,0,13.0,15,6,6,3,3,2,15,96,4.50,1.385,10.4,2.1,2.1,10.4,5.00
Jon Lester,34,6,2,.750,2.44,0,70.0,56,23,19,8,25,1,61,170,4.14,1.157,7.2,1.0,3.2,7.8,2.44
Artie Lewicki,26,0,1,.000,3.86,0,18.2,23,11,8,1,8,0,14,116,3.60,1.661,11.1,0.5,3.9,6.8,1.75
Adam Liberatore,31,1,1,.500,3.38,0,8.0,6,3,3,0,4,0,8,117,2.61,1.250,6.8,0.0,4.5,9.0,2.00
Francisco Liriano,34,3,2,.600,3.90,0,57.2,41,25,25,8,29,0,45,113,4.97,1.214,6.4,1.2,4.5,7.0,1.55
Zack Littell,22,0,1,.000,18.00,0,3.0,6,6,6,1,4,0,1,26,10.78,3.333,18.0,3.0,12.0,3.0,0.25
Ben Lively,26,0,2,.000,6.85,0,23.2,34,18,18,4,10,1,22,58,5.10,1.859,12.9,1.5,3.8,8.4,2.20
Walker Lockett,24,0,1,.000,9.82,0,3.2,4,4,4,0,5,0,2,43,6.11,2.455,9.8,0.0,12.3,4.9,0.40
Boone Logan,33,1,0,1.000,5.63,0,8.0,9,5,5,2,6,2,9,76,6.36,1.875,10.1,2.3,6.8,10.1,1.50
Jorge Lopez,25,0,0,0,4.35,0,10.1,11,5,5,1,6,0,8,97,4.56,1.645,9.6,0.9,5.2,7.0,1.33
Reynaldo Lopez,24,1,4,.200,3.42,0,71.0,54,31,27,7,31,0,48,121,4.52,1.197,6.8,0.9,3.9,6.1,1.55
Michael Lorenzen,26,1,0,1.000,1.64,1,11.0,6,2,2,0,4,0,8,253,2.75,0.909,4.9,0.0,3.3,6.5,2.00
Aaron Loup,30,0,0,0,3.91,0,23.0,23,11,10,2,7,0,22,111,3.50,1.304,9.0,0.8,2.7,8.6,3.14
Josh Lucas,27,0,0,0,2.89,0,9.1,8,3,3,0,6,0,10,145,2.90,1.500,7.7,0.0,5.8,9.6,1.67
Joey Lucchesi,25,3,2,.600,3.23,0,47.1,43,19,17,8,15,0,48,119,4.23,1.225,8.2,1.5,2.9,9.1,3.20
Seth Lugo,28,1,1,.500,2.04,0,39.2,28,9,9,3,9,2,39,186,2.96,0.933,6.4,0.7,2.0,8.8,4.33
Jordan Lyles,27,2,2,.500,4.70,0,53.2,51,29,28,9,18,0,48,82,4.57,1.286,8.6,1.5,3.0,8.0,2.67
Lance Lynn,31,4,4,.500,5.46,0,56.0,60,34,34,6,38,2,55,76,4.68,1.750,9.6,1.0,6.1,8.8,1.45
Tyler Lyons,30,1,0,1.000,5.93,0,13.2,16,9,9,3,6,1,15,67,5.53,1.610,10.5,2.0,4.0,9.9,2.50
Ryan Madson,37,1,2,.333,3.92,3,20.2,21,10,9,0,7,2,21,104,2.24,1.355,9.1,0.0,3.0,9.1,3.00
Kenta Maeda,30,4,4,.500,3.61,0,52.1,49,24,21,5,18,0,68,105,2.85,1.280,8.4,0.9,3.1,11.7,3.78
Matt Magill,28,1,1,.500,1.31,0,20.2,16,3,3,2,3,0,17,323,3.31,0.919,7.0,0.9,1.3,7.4,5.67
Tyler Mahle,23,4,6,.400,4.33,0,68.2,72,35,33,13,26,1,67,93,4.85,1.427,9.4,1.7,3.4,8.8,2.58
Kazuhisa Makita,33,0,1,.000,6.55,0,22.0,22,16,16,5,7,2,22,59,5.16,1.318,9.0,2.0,2.9,9.0,3.14
Sean Manaea,26,5,6,.455,3.59,0,80.1,63,34,32,12,18,0,58,113,4.54,1.008,7.1,1.3,2.0,6.5,3.22
Brandon Mann,34,0,0,0,0.00,0,5.0,2,0,0,0,2,0,1,0,4.51,0.800,3.6,0.0,3.6,1.8,0.50
German Marquez,23,4,5,.444,4.38,0,63.2,66,34,31,8,27,2,62,105,4.26,1.461,9.3,1.1,3.8,8.8,2.30
Evan Marshall,28,0,0,0,6.75,0,6.2,10,5,5,0,4,0,8,69,2.51,2.100,13.5,0.0,5.4,10.8,2.00
Chris Martin,32,1,1,.500,4.12,0,19.2,21,9,9,2,3,0,18,112,3.37,1.220,9.6,0.9,1.4,8.2,6.00
Carlos Martinez,26,3,2,.600,1.83,0,54.0,36,14,11,1,27,0,52,213,3.43,1.167,6.0,0.2,4.5,8.7,1.93
Phil Maton,25,0,0,0,0.56,0,16.0,16,1,1,0,7,0,17,694,2.49,1.438,9.0,0.0,3.9,9.6,2.43
Steven Matz,27,2,4,.333,3.42,0,52.2,42,26,20,9,23,1,48,111,5.11,1.234,7.2,1.5,3.9,8.2,2.09
Brandon Maurer,27,0,2,.000,12.46,0,4.1,8,6,6,3,3,0,3,36,12.81,2.538,16.6,6.2,6.2,6.2,1.00
Mike Mayers,26,2,0,1.000,2.30,1,15.2,17,5,4,3,4,0,11,173,4.96,1.340,9.8,1.7,2.3,6.3,2.75
Tim Mayza,26,1,0,1.000,3.38,0,8.0,10,3,3,2,2,0,7,132,5.36,1.500,11.3,2.3,2.3,7.9,3.50
Cory Mazzoni,28,1,0,1.000,0.00,0,5.0,2,0,0,0,3,1,4,0,3.31,1.000,3.6,0.0,5.4,7.2,1.33
Zach McAllister,30,0,2,.000,6.45,0,22.1,24,18,16,6,6,0,18,70,5.80,1.343,9.7,2.4,2.4,7.3,3.00
Brandon McCarthy,34,5,2,.714,4.83,0,63.1,76,36,34,9,19,0,52,80,4.22,1.500,10.8,1.3,2.7,7.4,2.74
Kevin McCarthy,26,4,2,.667,3.08,0,26.1,23,11,9,2,6,0,17,138,3.61,1.101,7.9,0.7,2.1,5.8,2.83
Lance McCullers,24,7,3,.700,3.94,0,75.1,61,35,33,8,29,0,76,97,3.75,1.195,7.3,1.0,3.5,9.1,2.62
T.J. McFarland,29,2,1,.667,2.37,0,38.0,38,11,10,4,8,0,17,181,4.22,1.211,9.0,0.9,1.9,4.0,2.13
Jake McGee,31,1,2,.333,4.76,0,22.2,24,13,12,4,5,0,20,98,4.44,1.279,9.5,1.6,2.0,7.9,4.00
Kyle McGrath,25,0,0,0,4.50,0,4.0,3,2,2,2,3,0,4,93,9.86,1.500,6.8,4.5,6.8,9.0,1.33
Deck McGuire,29,0,0,0,6.48,0,8.1,9,6,6,2,5,0,7,69,6.35,1.680,9.7,2.2,5.4,7.6,1.40
Collin McHugh,31,1,0,1.000,1.32,0,27.1,19,4,4,2,7,0,36,294,2.31,0.951,6.3,0.7,2.3,11.9,5.14
Kris Medlen,32,0,1,.000,15.75,0,4.0,9,7,7,0,4,0,4,29,4.11,3.250,20.3,0.0,9.0,9.0,1.00
Mark Melancon,33,0,0,0,0.00,0,2.0,0,0,0,0,0,0,5,0,-1.89,0.000,0.0,0.0,0.0,22.5,0
Yohander Mendez,23,0,0,0,0.00,0,0.2,1,0,0,0,0,0,0,0,3.11,1.500,13.5,0.0,0.0,0.0,0
Daniel Mengden,25,6,5,.545,3.45,0,78.1,69,35,30,10,11,0,51,117,3.89,1.021,7.9,1.1,1.3,5.9,4.64
Ben Meyer,25,0,0,0,0.00,0,1.0,0,0,0,0,0,0,0,0,3.11,0.000,0.0,0.0,0.0,0.0,0
Keynan Middleton,24,0,0,0,2.04,6,17.2,14,4,4,1,9,1,16,204,3.74,1.302,7.1,0.5,4.6,8.2,1.78
Miles Mikolas,29,7,1,.875,2.27,0,79.1,67,23,20,6,9,1,58,172,3.09,0.958,7.6,0.7,1.0,6.6,6.44
Wade Miley,31,1,0,1.000,1.42,0,6.1,4,1,1,0,4,0,4,304,3.74,1.263,5.7,0.0,5.7,5.7,1.00
Andrew Miller,33,1,3,.250,4.40,1,14.1,13,7,7,1,10,1,23,103,3.32,1.605,8.2,0.6,6.3,14.4,2.30
Justin Miller,31,2,0,1.000,0.00,0,6.1,1,0,0,0,0,0,12,0,-0.68,0.158,1.4,0.0,0.0,17.1,0
Hoby Milner,27,0,0,0,7.71,0,4.2,6,4,4,1,3,1,4,55,6.76,1.929,11.6,1.9,5.8,7.7,1.33
Juan Minaya,27,0,0,0,10.80,0,3.1,3,4,4,0,9,0,5,42,8.21,3.600,8.1,0.0,24.3,13.5,0.56
Mike Minor,30,4,4,.500,5.76,0,59.1,66,39,38,11,14,0,52,79,4.78,1.348,10.0,1.7,2.1,7.9,3.71
A.J. Minter,24,3,1,.750,3.42,2,23.2,25,9,9,1,13,1,25,114,3.32,1.606,9.5,0.4,4.9,9.5,1.92
Ariel Miranda,29,0,0,0,1.80,0,5.0,6,1,1,0,4,0,5,241,3.51,2.000,10.8,0.0,7.2,9.0,1.25
Bryan Mitchell,27,0,3,.000,7.08,0,48.1,63,39,38,9,35,1,23,54,6.88,2.028,11.7,1.7,6.5,4.3,0.66
Frankie Montas,25,2,0,1.000,0.64,0,14.0,10,1,1,0,2,0,9,643,2.68,0.857,6.4,0.0,1.3,5.8,4.50
Jordan Montgomery,25,2,0,1.000,3.62,0,27.1,25,11,11,3,12,0,23,121,4.17,1.354,8.2,1.0,4.0,7.6,1.92
Mike Montgomery,28,1,1,.500,3.89,0,37.0,31,16,16,3,11,1,24,107,3.84,1.135,7.5,0.7,2.7,5.8,2.18
Matt Moore,29,1,5,.167,7.47,0,53.0,79,48,44,7,25,0,41,61,4.92,1.962,13.4,1.2,4.2,7.0,1.64
Kendrys Morales,35,0,0,0,0.00,0,1.0,0,0,0,0,1,0,0,0,6.11,1.000,0.0,0.0,9.0,0.0,0.00
Adam Morgan,28,0,2,.000,3.24,0,16.2,15,8,6,2,10,2,19,124,4.19,1.500,8.1,1.1,5.4,10.3,1.90
Reyes Moronta,25,1,0,1.000,1.61,0,28.0,17,7,5,1,15,1,33,243,2.83,1.143,5.5,0.3,4.8,10.6,2.20
Akeel Morris,25,0,0,0,6.75,0,9.1,13,7,7,2,6,0,5,63,6.76,2.036,12.5,1.9,5.8,4.8,0.83
Brandon Morrow,33,0,0,0,1.66,15,21.2,15,4,4,1,9,0,23,252,2.97,1.108,6.2,0.4,3.7,9.6,2.56
Charlie Morton,34,7,1,.875,2.84,0,73.0,56,24,23,11,23,0,92,135,3.66,1.082,6.9,1.4,2.8,11.3,4.00
Taylor Motter,28,0,0,0,9.00,0,1.0,1,1,1,1,1,0,1,62,20.11,2.000,9.0,9.0,9.0,9.0,1.00
Gabriel Moya,23,0,0,0,10.80,0,5.0,6,6,6,3,2,0,6,41,9.71,1.600,10.8,5.4,3.6,10.8,3.00
Peter Moylan,39,0,0,0,3.05,0,20.2,23,7,7,1,13,2,20,129,3.84,1.742,10.0,0.4,5.7,8.7,1.54
Harrison Musgrave,26,0,1,.000,2.40,0,15.0,8,4,4,1,7,0,10,196,4.25,1.000,4.8,0.6,4.2,6.0,1.43
Joe Musgrove,25,2,1,.667,1.89,0,19.0,18,5,4,2,5,1,17,211,3.48,1.211,8.5,0.9,2.4,8.1,3.40
Zach Neal,29,0,0,0,9.00,0,1.0,2,1,1,1,0,0,0,59,16.11,2.000,18.0,9.0,0.0,0.0,0
Hector Neris,29,1,3,.250,5.24,9,22.1,26,13,13,5,10,1,29,76,4.90,1.612,10.5,2.0,4.0,11.7,2.90
Dovydas Neverauskas,25,0,0,0,10.80,0,6.2,11,8,8,2,3,0,2,38,8.21,2.100,14.9,2.7,4.1,2.7,0.67
Sean Newcomb,25,7,1,.875,2.49,0,68.2,49,22,19,3,33,0,68,155,3.14,1.194,6.4,0.4,4.3,8.9,2.06
Juan Nicasio,31,1,3,.250,5.34,0,28.2,34,18,17,4,2,0,37,76,2.55,1.256,10.7,1.3,0.6,11.6,18.50
Aaron Nola,25,7,2,.778,2.35,0,84.1,59,22,22,5,22,1,80,168,2.80,0.960,6.3,0.5,2.3,8.5,3.64
Bud Norris,33,2,1,.667,2.96,12,27.1,22,10,9,3,4,0,38,133,2.31,0.951,7.2,1.0,1.3,12.5,9.50
Daniel Norris,25,0,2,.000,5.87,0,15.1,16,10,10,3,9,0,18,77,5.27,1.630,9.4,1.8,5.3,10.6,2.00
Ivan Nova,31,2,5,.286,4.96,0,61.2,73,39,34,10,10,1,47,80,4.28,1.346,10.7,1.5,1.5,6.9,4.70
Vidal Nuno,30,1,0,1.000,3.00,0,6.0,4,2,2,1,6,1,3,141,7.28,1.667,6.0,1.5,9.0,4.5,0.50
Darren O'Day,35,0,1,.000,3.77,2,14.1,12,7,6,3,2,0,18,113,4.37,0.977,7.5,1.9,1.3,11.3,9.00
Chris O'Grady,28,0,1,.000,6.43,0,7.0,7,5,5,2,4,0,8,61,6.26,1.571,9.0,2.6,5.1,10.3,2.00
Trevor Oaks,25,0,1,.000,7.45,0,9.2,19,8,8,1,2,0,8,58,3.42,2.172,17.7,0.9,1.9,7.4,4.00
Scott Oberg,28,1,0,1.000,4.08,0,17.2,16,9,8,0,6,0,13,115,3.17,1.245,8.2,0.0,3.1,6.6,2.17
Jake Odorizzi,28,3,3,.500,4.24,0,68.0,65,35,32,14,27,1,68,98,5.11,1.353,8.6,1.9,3.6,9.0,2.52
Alexi Ogando,34,0,1,.000,18.00,0,1.0,2,2,2,0,3,0,1,33,10.11,5.000,18.0,0.0,27.0,9.0,0.33
Seunghwan Oh,35,1,2,.333,3.86,1,28.0,26,12,12,4,9,1,29,112,4.08,1.250,8.4,1.3,2.9,9.3,3.22
Shohei Ohtani,23,4,1,.800,3.10,0,49.1,36,17,17,5,20,0,61,132,3.23,1.135,6.6,0.9,3.6,11.1,3.05
Tyler Olson,28,1,1,.500,6.19,0,16.0,16,11,11,3,5,1,22,73,3.74,1.313,9.0,1.7,2.8,12.4,4.40
Josh Osich,29,0,0,0,8.25,0,12.0,20,11,11,2,7,0,10,48,5.86,2.250,15.0,1.5,5.3,7.5,1.43
Roberto Osuna,23,0,0,0,2.93,9,15.1,16,5,5,0,1,0,13,149,2.00,1.109,9.4,0.0,0.6,7.6,13.00
Corey Oswalt,24,0,0,0,3.86,0,4.2,2,2,2,1,0,0,4,106,4.83,0.429,3.9,1.9,0.0,7.7,0
Dan Otero,33,1,1,.500,6.97,0,20.2,23,18,16,4,2,1,16,65,4.66,1.210,10.0,1.7,0.9,7.0,8.00
Adam Ottavino,32,3,0,1.000,0.95,1,28.1,8,3,3,1,10,0,45,488,1.67,0.635,2.5,0.3,3.2,14.3,4.50
Emilio Pagan,27,1,0,1.000,3.68,0,22.0,23,9,9,4,8,1,18,111,5.20,1.409,9.4,1.6,3.3,7.4,2.25
Eduardo Paredes,23,0,0,0,7.71,0,9.1,14,8,8,1,4,0,7,55,4.29,1.929,13.5,1.0,3.9,6.8,1.75
Edward Paredes,31,0,0,0,0.00,0,1.0,0,0,0,0,0,0,1,0,4.11,0.000,0.0,0.0,0.0,9.0,0
Blake Parker,33,1,1,.500,2.73,5,29.2,27,9,9,3,10,1,34,151,3.15,1.247,8.2,0.9,3.0,10.3,3.40
James Paxton,29,5,1,.833,2.95,0,82.1,60,27,27,8,25,0,101,137,2.87,1.032,6.6,0.9,2.7,11.0,4.04
James Pazos,27,1,1,.500,1.25,0,21.2,19,3,3,1,1,0,21,328,2.47,0.923,7.9,0.4,0.4,8.7,21.00
Brad Peacock,30,1,3,.250,2.52,1,25.0,19,7,7,5,6,0,33,154,3.79,1.000,6.8,1.8,2.2,11.9,5.50
Felix Pena,28,0,0,0,10.13,0,2.2,5,3,3,2,0,0,2,46,11.36,1.875,16.9,6.8,0.0,6.8,0
Cliff Pennington,34,0,0,0,9.00,0,1.0,1,1,1,0,2,0,1,62,7.11,3.000,9.0,0.0,18.0,9.0,0.50
Freddy Peralta,22,1,0,1.000,3.72,0,9.2,4,4,4,1,8,0,18,114,3.22,1.241,3.7,0.9,7.4,16.8,2.25
Wandy Peralta,26,1,2,.333,4.76,0,28.1,27,17,15,1,23,2,20,85,4.70,1.765,8.6,0.3,7.3,6.4,0.87
Luis Perdomo,25,1,2,.333,8.36,0,14.0,26,15,13,1,9,1,17,47,3.76,2.500,16.7,0.6,5.8,10.9,1.89
Hernan Perez,27,0,0,0,0.00,0,0.1,0,0,0,0,0,0,0,0,3.11,0.000,0.0,0.0,0.0,0.0,0
Martin Perez,27,2,3,.400,9.67,0,22.1,41,25,24,7,12,0,13,48,7.90,2.373,16.5,2.8,4.8,5.2,1.08
Oliver Perez,36,0,0,0,0.00,0,2.2,2,0,0,0,0,0,4,0,0.11,0.750,6.8,0.0,0.0,13.5,0
Dillon Peters,25,2,2,.500,6.31,0,25.2,29,18,18,4,13,0,16,59,5.53,1.636,10.2,1.4,4.6,5.6,1.23
Tim Peterson,27,0,0,0,2.08,0,4.1,5,1,1,1,2,1,4,198,5.65,1.615,10.4,2.1,4.2,8.3,2.00
Yusmeiro Petit,33,2,2,.500,3.46,0,39.0,38,16,15,4,5,1,28,117,3.40,1.103,8.8,0.9,1.2,6.5,5.60
Jake Petricka,30,0,0,0,5.40,0,8.1,18,9,5,1,2,0,6,83,3.95,2.400,19.4,1.1,2.2,6.5,3.00
Nick Pivetta,25,4,5,.444,3.76,0,67.0,60,28,28,6,18,0,76,105,2.95,1.164,8.1,0.8,2.4,10.2,4.22
Adam Plutko,26,3,0,1.000,3.93,0,18.1,14,8,8,5,5,0,12,115,6.17,1.036,6.9,2.5,2.5,5.9,2.40
Drew Pomeranz,29,1,3,.250,6.81,0,37.0,47,29,28,7,21,0,36,65,5.33,1.838,11.4,1.7,5.1,8.8,1.71
Rick Porcello,29,8,2,.800,3.59,0,80.1,74,36,32,7,17,0,75,123,3.31,1.133,8.3,0.8,1.9,8.4,4.41
Brooks Pounders,27,0,1,.000,7.84,0,10.1,17,9,9,2,2,0,12,61,4.18,1.839,14.8,1.7,1.7,10.5,6.00
Bobby Poyner,25,1,0,1.000,1.69,0,10.2,12,2,2,1,1,0,10,269,2.74,1.219,10.1,0.8,0.8,8.4,10.00
Ryan Pressly,29,0,0,0,3.26,0,30.1,30,12,11,3,12,0,43,129,2.85,1.385,8.9,0.9,3.6,12.8,3.58
David Price,32,6,4,.600,4.08,0,68.1,58,34,31,7,27,0,66,108,3.74,1.244,7.6,0.9,3.6,8.7,2.44
Austin Pruitt,28,1,3,.250,4.57,1,43.1,39,24,22,6,9,0,26,88,4.41,1.108,8.1,1.2,1.9,5.4,2.89
Kevin Quackenbush,29,0,1,.000,11.00,0,9.0,13,11,11,3,6,1,7,38,7.89,2.111,13.0,3.0,6.0,7.0,1.17
Jose Quintana,29,6,4,.600,4.20,0,64.1,57,33,30,8,31,1,67,99,4.09,1.368,8.0,1.1,4.3,9.4,2.16
Tanner Rainey,25,0,0,0,13.50,0,6.0,6,9,9,2,9,1,7,32,9.61,2.500,9.0,3.0,13.5,10.5,0.78
Carlos Ramirez,27,0,0,0,2.08,0,4.1,2,1,1,0,6,0,3,234,6.57,1.846,4.2,0.0,12.5,6.2,0.50
Erasmo Ramirez,28,0,2,.000,10.24,0,9.2,14,11,11,7,1,0,6,41,11.91,1.552,13.0,6.5,0.9,5.6,6.00
J.C. Ramirez,29,0,2,.000,9.45,0,6.2,7,8,7,3,7,0,4,45,10.91,2.100,9.5,4.1,9.5,5.4,0.57
Jose Ramirez,28,0,2,.000,17.05,0,6.1,9,12,12,0,8,2,7,24,5.64,2.684,12.8,0.0,11.4,9.9,0.88
Neil Ramirez,29,0,0,0,4.91,0,7.1,10,4,4,2,2,1,9,95,5.02,1.636,12.3,2.5,2.5,11.0,4.50
Noe Ramirez,28,1,2,.333,3.67,0,34.1,35,15,14,3,13,2,40,112,3.14,1.398,9.2,0.8,3.4,10.5,3.08
AJ Ramos,31,2,2,.500,6.41,0,19.2,17,14,14,3,15,0,22,60,5.15,1.627,7.8,1.4,6.9,10.1,1.47
Edubray Ramos,25,1,0,1.000,0.81,1,22.1,15,4,2,2,10,1,26,495,3.29,1.119,6.0,0.8,4.0,10.5,2.60
Josh Ravin,30,0,1,.000,6.00,0,3.0,2,2,2,0,2,0,1,73,5.45,1.333,6.0,0.0,6.0,3.0,0.50
Robbie Ray,26,2,0,1.000,4.88,0,27.2,25,16,15,5,17,1,45,88,4.16,1.518,8.1,1.6,5.5,14.6,2.65
Addison Reed,29,1,4,.200,2.93,0,30.2,27,10,10,5,10,2,30,143,4.45,1.207,7.9,1.5,2.9,8.8,3.00
Cody Reed,25,0,0,0,5.40,0,5.0,5,5,3,2,1,0,7,80,6.11,1.200,9.0,3.6,1.8,12.6,7.00
Zac Reininger,25,0,0,0,7.50,0,6.0,6,5,5,1,5,1,3,62,6.78,1.833,9.0,1.5,7.5,4.5,0.60
Alex Reyes,23,0,0,0,0.00,0,4.0,3,0,0,0,2,0,2,0,4.36,1.250,6.8,0.0,4.5,4.5,1.00
Jacob Rhame,25,0,1,.000,6.35,1,11.1,14,8,8,2,4,1,8,61,5.05,1.588,11.1,1.6,3.2,6.4,2.00
Clayton Richard,34,4,6,.400,4.67,0,81.0,78,43,42,9,27,1,66,82,4.04,1.296,8.7,1.0,3.0,7.3,2.44
Garrett Richards,30,4,4,.500,3.25,0,61.0,46,33,22,7,29,0,69,126,3.82,1.230,6.8,1.0,4.3,10.2,2.38
Trevor Richards,25,0,3,.000,5.02,0,28.2,29,17,16,4,14,1,28,74,4.65,1.500,9.1,1.3,4.4,8.8,2.00
Yacksel Rios,25,3,1,.750,5.29,0,17.0,22,10,10,2,7,1,18,76,4.11,1.706,11.6,1.1,3.7,9.5,2.57
Tanner Roark,31,3,6,.333,3.56,0,78.1,61,32,31,9,25,2,65,113,4.10,1.098,7.0,1.0,2.9,7.5,2.60
Daniel Robertson,24,0,0,0,0.00,0,1.0,0,0,0,0,0,0,0,0,3.11,0.000,0.0,0.0,0.0,0.0,0
David Robertson,33,4,2,.667,4.08,1,28.2,21,13,13,2,10,1,36,107,2.55,1.081,6.6,0.6,3.1,11.3,3.60
Hansel Robles,27,2,2,.500,4.70,0,15.1,17,8,8,6,5,1,20,82,6.77,1.435,10.0,3.5,2.9,11.7,4.00
Fernando Rodney,41,2,2,.500,2.57,13,21.0,18,8,6,3,7,0,20,164,4.21,1.190,7.7,1.3,3.0,8.6,2.86
Dereck Rodriguez,26,1,0,1.000,1.93,0,9.1,10,5,2,1,3,0,10,208,3.33,1.393,9.6,1.0,2.9,9.6,3.33
Eduardo Rodriguez,25,7,1,.875,3.68,0,66.0,58,27,27,8,21,0,77,120,3.45,1.197,7.9,1.1,2.9,10.5,3.67
Jefry Rodriguez,24,0,0,0,0.00,0,4.2,4,0,0,0,2,1,3,0,3.11,1.286,7.7,0.0,3.9,5.8,1.50
Richard Rodriguez,28,1,2,.333,2.38,0,22.2,23,6,6,2,3,2,33,168,1.75,1.147,9.1,0.8,1.2,13.1,11.00
Chaz Roe,31,0,1,.000,3.63,0,22.1,17,9,9,3,8,0,28,112,3.96,1.119,6.9,1.2,3.2,11.3,3.50
Taylor Rogers,27,1,2,.333,4.74,0,24.2,27,13,13,1,6,1,24,89,2.42,1.338,9.9,0.4,2.2,8.8,4.00
Sal Romano,24,3,7,.300,6.23,0,65.0,73,47,45,12,30,3,48,65,5.47,1.585,10.1,1.7,4.2,6.6,1.60
Enny Romero,27,0,0,0,7.50,0,6.0,12,8,5,1,4,2,7,59,5.45,2.667,18.0,1.5,6.0,10.5,1.75
Fernando Romero,23,2,2,.500,3.96,0,36.1,35,17,16,3,14,0,34,106,3.80,1.349,8.7,0.7,3.5,8.4,2.43
Sergio Romo,35,1,1,.500,5.87,1,23.0,25,15,15,4,11,0,29,69,4.55,1.565,9.8,1.6,4.3,11.3,2.64
Bruce Rondon,27,2,3,.400,3.92,1,20.2,18,11,9,0,10,0,29,107,1.90,1.355,7.8,0.0,4.4,12.6,2.90
Hector Rondon,30,1,1,.500,1.64,1,22.0,20,5,4,1,4,0,26,237,1.89,1.091,8.2,0.4,1.6,10.6,6.50
Randy Rosario,24,2,0,1.000,0.93,0,9.2,5,1,1,0,5,1,6,460,3.42,1.034,4.7,0.0,4.7,5.6,1.20
Tyson Ross,31,5,3,.625,3.31,0,70.2,60,28,26,6,26,1,71,116,3.44,1.217,7.6,0.8,3.3,9.0,2.73
Drew Rucinski,29,1,0,1.000,3.38,0,2.2,2,1,1,0,0,0,2,126,1.61,0.750,6.8,0.0,0.0,6.8,0
Chris Rusin,31,0,2,.000,7.77,0,24.1,25,22,21,7,12,0,22,60,6.65,1.521,9.2,2.6,4.4,8.1,1.83
Hyun-Jin Ryu,31,3,0,1.000,2.12,0,29.2,16,7,7,3,10,0,36,180,3.11,0.876,4.9,0.9,3.0,10.9,3.60
Marc Rzepczynski,32,0,1,.000,9.39,0,7.2,13,11,8,2,9,2,10,45,7.42,2.870,15.3,2.3,10.6,11.7,1.11
CC Sabathia,37,3,1,.750,3.59,0,57.2,53,31,23,10,15,0,44,121,4.73,1.179,8.3,1.6,2.3,6.9,2.93
Fernando Salas,33,3,4,.429,4.34,0,29.0,30,14,14,4,9,3,23,99,4.25,1.345,9.3,1.2,2.8,7.1,2.56
Chris Sale,29,5,3,.625,3.00,0,81.0,58,29,27,10,21,0,110,147,3.00,0.975,6.4,1.1,2.3,12.2,5.24
Jeff Samardzija,33,1,4,.200,6.56,0,35.2,37,27,26,6,23,1,26,59,5.86,1.682,9.3,1.5,5.8,6.6,1.13
Aaron Sanchez,25,3,5,.375,4.48,0,66.1,61,36,33,8,38,1,53,96,5.07,1.492,8.3,1.1,5.2,7.2,1.39
Anibal Sanchez,34,1,0,1.000,2.16,0,25.0,18,8,6,4,9,0,21,181,4.83,1.080,6.5,1.4,3.2,7.6,2.33
Pablo Sandoval,31,0,0,0,0.00,0,1.0,0,0,0,0,0,0,0,0,3.11,0.000,0.0,0.0,0.0,0.0,0
Dennis Santana,22,1,0,1.000,12.27,0,3.2,6,5,5,0,1,0,4,34,2.57,1.909,14.7,0.0,2.5,9.8,4.00
Edgar Santana,26,2,1,.667,3.28,0,24.2,21,9,9,2,4,0,19,121,3.11,1.014,7.7,0.7,1.5,6.9,4.75
Hector Santiago,30,2,2,.500,4.96,0,52.2,56,30,29,11,30,1,43,83,6.08,1.633,9.6,1.9,5.1,7.3,1.43
Luis Santos,27,0,0,0,32.40,0,1.2,5,6,6,0,3,0,2,16,6.11,4.800,27.0,0.0,16.2,10.8,0.67
Warwick Saupold,28,3,1,.750,3.51,1,25.2,29,10,10,3,10,1,13,127,4.91,1.519,10.2,1.1,3.5,4.6,1.30
Max Scherzer,33,10,1,.909,1.95,0,87.2,54,22,19,6,19,1,133,206,1.76,0.833,5.5,0.6,2.0,13.7,7.00
Jaime Schultz,27,0,0,0,0.00,0,1.0,0,0,0,0,0,0,3,0,-2.89,0.000,0.0,0.0,0.0,27.0,0
Tanner Scott,23,0,0,0,4.70,0,15.1,14,8,8,2,6,0,21,90,3.24,1.304,8.2,1.2,3.5,12.3,3.50
Troy Scribner,26,0,1,.000,4.91,0,3.2,4,2,2,0,6,0,4,95,5.84,2.727,9.8,0.0,14.7,9.8,0.67
Antonio Senzatela,23,2,1,.667,6.23,0,17.1,23,13,12,2,6,0,14,75,4.21,1.673,11.9,1.0,3.1,7.3,2.33
Luis Severino,24,9,1,.900,2.20,0,86.0,59,22,21,4,21,0,102,197,2.15,0.930,6.2,0.4,2.2,10.7,4.86
Paul Sewald,28,0,4,.000,4.46,0,34.1,33,18,17,4,6,0,35,86,3.20,1.136,8.7,1.0,1.6,9.2,5.83
Kevin Shackelford,29,0,1,.000,7.88,0,8.0,13,8,7,0,4,1,7,53,3.24,2.125,14.6,0.0,4.5,7.9,1.75
Bryan Shaw,30,2,4,.333,6.89,0,31.1,40,24,24,7,14,0,29,67,5.51,1.723,11.5,2.0,4.0,8.3,2.07
Jimmie Sherfy,26,0,0,0,0.00,0,2.0,0,0,0,0,2,0,1,0,5.11,1.000,0.0,0.0,9.0,4.5,0.50
Ryan Sherriff,28,0,0,0,6.35,0,5.2,8,4,4,1,2,0,3,65,5.94,1.765,12.7,1.6,3.2,4.8,1.50
James Shields,36,1,7,.125,4.92,0,82.1,73,45,45,10,33,0,57,84,4.58,1.287,8.0,1.1,3.6,6.2,1.73
Matt Shoemaker,31,1,0,1.000,4.76,0,5.2,4,3,3,0,4,0,4,91,3.82,1.412,6.4,0.0,6.4,6.4,1.00
Chasen Shreve,27,2,0,1.000,4.58,0,19.2,18,15,10,4,10,0,27,96,4.69,1.424,8.2,1.8,4.6,12.4,2.70
Lucas Sims,24,0,0,0,6.75,0,9.1,9,7,7,2,7,1,10,59,6.33,1.714,8.7,1.9,6.8,9.6,1.43
Tony Sipp,34,0,0,0,2.84,0,12.2,9,4,4,0,5,0,11,138,2.56,1.105,6.4,0.0,3.6,7.8,2.20
Tyler Skaggs,26,4,4,.500,3.27,0,66.0,62,24,24,8,22,0,70,125,3.70,1.273,8.5,1.1,3.0,9.5,3.18
Eric Skoglund,25,1,5,.167,6.70,0,49.2,55,37,37,10,14,0,39,63,5.31,1.389,10.0,1.8,2.5,7.1,2.79
Aaron Slegers,25,0,0,0,3.38,0,5.1,6,2,2,1,1,0,3,131,4.99,1.313,10.1,1.7,1.7,5.1,3.00
Burch Smith,28,0,0,0,6.49,0,26.1,26,19,19,7,18,0,28,65,6.72,1.671,8.9,2.4,6.2,9.6,1.56
Caleb Smith,26,4,6,.400,4.03,0,60.1,44,27,27,7,28,2,74,92,3.61,1.193,6.6,1.0,4.2,11.0,2.64
Carson Smith,28,1,1,.500,3.77,0,14.1,14,6,6,2,6,0,18,120,3.67,1.395,8.8,1.3,3.8,11.3,3.00
Joe Smith,34,2,1,.667,5.49,0,19.2,15,12,12,4,7,0,20,71,4.79,1.119,6.9,1.8,3.2,9.2,2.86
Will Smith,28,0,0,0,1.29,0,14.0,7,3,2,0,5,1,15,308,2.04,0.857,4.5,0.0,3.2,9.6,3.00
Josh Smoker,29,0,0,0,9.00,0,4.0,9,4,4,1,2,0,0,48,7.86,2.750,20.3,2.3,4.5,0.0,0.00
Blake Snell,25,7,3,.700,2.36,0,76.1,49,21,20,8,23,0,88,170,3.07,0.943,5.8,0.9,2.7,10.4,3.83
D.J. Snelten,26,0,0,0,10.38,0,4.1,9,6,5,2,3,0,4,40,9.34,2.769,18.7,4.2,6.2,8.3,1.33
Miguel Socolovich,31,0,1,.000,10.80,0,5.0,8,6,6,0,2,0,4,38,2.71,2.000,14.4,0.0,3.6,7.2,2.00
Sammy Solis,29,1,1,.500,3.68,0,22.0,17,9,9,2,11,0,27,111,3.48,1.273,7.0,0.8,4.5,11.0,2.45
Joakim Soria,34,0,2,.000,3.57,6,22.2,24,11,9,2,4,0,27,117,2.54,1.235,9.5,0.8,1.6,10.7,6.75
Mike Soroka,20,1,1,.500,3.68,0,14.2,21,10,6,1,4,0,15,107,2.77,1.705,12.9,0.6,2.5,9.2,3.75
Cory Spangenberg,27,0,0,0,9.00,0,1.0,2,1,1,0,1,0,0,59,6.11,3.000,18.0,0.0,9.0,0.0,0.00
Craig Stammen,34,3,0,1.000,1.88,0,28.2,22,6,6,1,5,1,30,205,2.00,0.942,6.9,0.3,1.6,9.4,6.00
Ryne Stanek,26,1,1,.500,3.38,0,13.1,7,5,5,2,8,1,17,121,4.31,1.125,4.7,1.4,5.4,11.5,2.13
Drew Steckenrider,27,2,1,.667,4.50,0,26.0,20,13,13,2,11,1,32,83,3.15,1.192,6.9,0.7,3.8,11.1,2.91
Jackson Stephens,24,0,0,0,4.20,0,15.0,18,7,7,2,2,0,12,98,3.85,1.333,10.8,1.2,1.2,7.2,6.00
Brock Stewart,26,0,0,0,5.60,0,17.2,21,14,11,4,8,2,14,69,6.17,1.642,10.7,2.0,4.1,7.1,1.75
Eric Stout,25,0,0,0,23.14,0,2.1,7,7,6,2,2,0,2,21,15.11,3.857,27.0,7.7,7.7,7.7,1.00
Matt Strahm,26,1,2,.333,3.07,0,14.2,10,6,5,2,9,1,8,127,5.64,1.295,6.1,1.2,5.5,4.9,0.89
Dan Straily,29,2,2,.500,3.50,0,36.0,28,16,14,6,22,1,27,107,5.70,1.389,7.0,1.5,5.5,6.8,1.23
Stephen Strasburg,29,6,5,.545,3.20,0,78.2,64,32,28,11,19,1,93,126,3.44,1.055,7.3,1.3,2.2,10.6,4.89
Chris Stratton,27,7,3,.700,4.63,0,68.0,68,37,35,8,30,0,58,83,4.30,1.441,9.0,1.1,4.0,7.7,1.93
Hunter Strickland,29,3,2,.600,2.25,12,28.0,21,8,7,2,11,2,26,173,3.36,1.143,6.8,0.6,3.5,8.4,2.36
Ross Stripling,28,4,1,.800,1.52,0,53.1,48,10,9,3,11,2,66,250,1.99,1.106,8.1,0.5,1.9,11.1,6.00
Marcus Stroman,27,0,5,.000,7.71,0,37.1,46,34,32,5,18,0,32,56,4.59,1.714,11.1,1.2,4.3,7.7,1.78
Pedro Strop,33,3,0,1.000,2.13,0,25.1,18,6,6,1,9,1,22,196,2.96,1.066,6.4,0.4,3.2,7.8,2.44
Daniel Stumpf,27,1,3,.250,5.71,0,17.1,21,11,11,1,12,1,14,79,4.32,1.904,10.9,0.5,6.2,7.3,1.17
Andrew Suarez,25,2,4,.333,4.74,0,43.2,45,26,23,7,8,0,42,82,3.89,1.214,9.3,1.4,1.6,8.7,5.25
Wander Suero,26,0,0,0,2.45,0,11.0,9,4,3,1,5,0,9,169,4.29,1.273,7.4,0.8,4.1,7.4,1.80
Brent Suter,28,5,4,.556,4.55,0,63.1,66,33,32,11,14,2,54,90,4.42,1.263,9.4,1.6,2.0,7.7,3.86
Anthony Swarzak,32,0,0,0,2.70,0,3.1,1,1,1,1,2,0,4,157,6.41,0.900,2.7,2.7,5.4,10.8,2.00
Noah Syndergaard,25,4,1,.800,3.06,0,64.2,63,25,22,5,13,0,76,124,2.56,1.175,8.8,0.7,1.8,10.6,5.85
Jameson Taillon,26,3,5,.375,4.08,0,70.2,66,32,32,8,19,4,67,97,3.62,1.203,8.4,1.0,2.4,8.5,3.53
Masahiro Tanaka,29,7,2,.778,4.79,0,67.2,59,38,36,15,18,0,65,91,5.05,1.138,7.8,2.0,2.4,8.6,3.61
Ben Taylor,25,0,0,0,6.00,0,6.0,6,4,4,2,1,0,8,78,5.28,1.167,9.0,3.0,1.5,12.0,8.00
Junichi Tazawa,32,1,1,.500,9.00,0,20.0,28,21,20,6,13,3,24,42,6.56,2.050,12.6,2.7,5.9,10.8,1.85
Julio Teheran,27,4,4,.500,4.31,0,71.0,57,34,34,14,33,1,56,90,5.62,1.268,7.2,1.8,4.2,7.1,1.70
Ryan Tepera,30,3,1,.750,2.93,2,30.2,25,11,10,4,10,0,33,147,3.73,1.141,7.3,1.2,2.9,9.7,3.30
Jake Thompson,24,0,0,0,7.27,1,8.2,10,8,7,0,4,0,9,56,2.42,1.615,10.4,0.0,4.2,9.3,2.25
Chris Tillman,30,1,5,.167,10.46,0,26.2,42,32,31,6,17,0,13,40,7.20,2.213,14.2,2.0,5.7,4.4,0.76
Josh Tomlin,33,0,4,.000,7.43,0,36.1,50,32,30,18,7,1,20,60,9.28,1.569,12.4,4.5,1.7,5.0,2.86
Carlos Torres,35,0,0,0,6.52,0,9.2,9,7,7,3,3,0,9,64,6.53,1.241,8.4,2.8,2.8,8.4,3.00
Blake Treinen,30,2,1,.667,0.92,14,29.1,20,6,3,1,8,3,36,443,1.92,0.955,6.1,0.3,2.5,11.0,4.50
Andrew Triggs,29,3,1,.750,5.23,0,41.1,37,24,24,7,18,0,43,78,4.76,1.331,8.1,1.5,3.9,9.4,2.39
Lou Trivino,26,3,1,.750,1.93,0,23.1,18,5,5,2,13,1,25,212,3.76,1.329,6.9,0.8,5.0,9.6,1.92
Nick Tropeano,27,3,3,.500,4.35,0,49.2,49,24,24,8,17,1,42,94,4.60,1.329,8.9,1.4,3.1,7.6,2.47
Jen-Ho Tseng,23,0,0,0,13.50,0,2.0,4,3,3,1,0,0,3,36,6.61,2.000,18.0,4.5,0.0,13.5,0
Sam Tuivailala,25,1,1,.500,3.18,0,17.0,18,6,6,0,6,1,17,125,2.17,1.412,9.5,0.0,3.2,9.0,2.83
Jacob Turner,27,0,0,0,15.88,0,5.2,13,10,10,1,5,0,2,25,7.35,3.176,20.6,1.6,7.9,3.2,0.40
Jose Urena,26,1,7,.125,4.60,0,74.1,74,39,38,8,18,4,61,81,3.88,1.238,9.0,1.0,2.2,7.4,3.39
Jose Valdez,28,0,0,0,12.60,0,5.0,8,7,7,3,1,0,4,33,9.91,1.800,14.4,5.4,1.8,7.2,4.00
Jason Vargas,35,2,4,.333,7.71,0,30.1,41,26,26,6,12,1,27,49,5.19,1.747,12.2,1.8,3.6,8.0,2.25
Felipe Vazquez,26,2,2,.500,4.38,11,24.2,25,15,12,1,12,0,27,91,2.91,1.500,9.1,0.4,4.4,9.9,2.25
Vince Velasquez,26,4,6,.400,3.82,0,63.2,60,31,27,9,22,1,79,103,3.55,1.288,8.5,1.3,3.1,11.2,3.59
Hector Velazquez,29,5,0,1.000,1.99,0,31.2,36,7,7,3,8,0,22,224,3.90,1.389,10.2,0.9,2.3,6.3,2.75
Pat Venditte#,33,0,0,0,7.36,0,3.2,5,3,3,1,0,0,4,57,5.29,1.364,12.3,2.5,0.0,9.8,0
Jonny Venters,33,1,1,.500,5.06,1,10.2,7,6,6,1,4,1,7,81,4.14,1.031,5.9,0.8,3.4,5.9,1.75
Drew VerHagen,27,0,2,.000,9.22,0,13.2,13,14,14,3,9,0,13,49,6.04,1.610,8.6,2.0,5.9,8.6,1.44
Justin Verlander,35,7,2,.778,1.24,0,87.1,46,14,12,5,17,0,104,310,2.20,0.721,4.7,0.5,1.8,10.7,6.12
Nick Vincent,31,3,1,.750,4.09,0,22.0,23,12,10,2,6,1,23,100,3.16,1.318,9.4,0.8,2.5,9.4,3.83
Arodys Vizcaino,27,2,2,.500,2.19,10,24.2,16,6,6,2,11,1,28,178,3.36,1.095,5.8,0.7,4.0,10.2,2.55
Chris Volstad,31,1,3,.250,4.06,0,31.0,37,14,14,5,7,0,20,102,4.69,1.419,10.7,1.5,2.0,5.8,2.86
Michael Wacha,26,7,1,.875,2.41,0,71.0,51,22,19,4,27,0,61,162,3.31,1.099,6.5,0.5,3.4,7.7,2.26
Adam Wainwright,36,1,3,.250,4.00,0,18.0,19,9,8,2,14,1,15,99,5.56,1.833,9.5,1.0,7.0,7.5,1.07
Marcus Walden,29,0,0,0,3.68,1,14.2,14,7,6,0,3,0,14,122,2.02,1.159,8.6,0.0,1.8,8.6,4.67
Taijuan Walker,25,0,0,0,3.46,0,13.0,15,5,5,1,5,0,9,126,3.88,1.538,10.4,0.7,3.5,6.2,1.80
Adam Warren,30,0,1,.000,2.79,0,9.2,11,3,3,1,7,0,12,160,4.15,1.862,10.2,0.9,6.5,11.2,1.71
Tony Watson,33,1,2,.333,2.25,0,28.0,25,7,7,1,5,1,31,173,2.01,1.071,8.0,0.3,1.6,10.0,6.20
Luke Weaver,24,3,5,.375,4.12,0,63.1,58,31,29,7,20,0,57,95,3.74,1.232,8.2,1.0,2.8,8.1,2.85
Tyler Webb,27,0,1,.000,12.60,0,5.0,6,7,7,2,3,0,4,33,8.51,1.800,10.8,3.6,5.4,7.2,1.33
Ryan Weber,27,0,0,0,27.00,0,0.1,1,3,1,0,1,0,0,32,12.11,6.000,27.0,0.0,27.0,0.0,0.00
Zack Weiss,26,0,0,0,inf,0,0.0,2,4,4,2,2,0,0,4,0,0,0,0,0,0,0.00
Zach Wheeler,28,2,4,.333,4.57,0,63.0,65,34,32,7,22,0,62,83,3.78,1.381,9.3,1.0,3.1,8.9,2.82
Chase Whitley,29,0,0,0,18.00,0,1.0,2,2,2,1,1,0,1,30,17.11,3.000,18.0,9.0,9.0,9.0,1.00
Taylor Williams,26,0,2,.000,2.31,0,23.1,13,7,6,3,12,1,32,179,3.71,1.071,5.0,1.2,4.6,12.3,2.67
Trevor Williams,26,5,3,.625,4.18,0,71.0,64,33,33,8,24,1,49,94,4.25,1.239,8.1,1.0,3.0,6.2,2.04
Alex Wilson,31,0,3,.000,4.35,0,20.2,14,10,10,4,6,0,16,103,5.10,0.968,6.1,1.7,2.6,7.0,2.67
Justin Wilson,30,1,1,.500,2.45,0,25.2,15,7,7,2,21,0,34,170,3.93,1.403,5.3,0.7,7.4,11.9,1.62
Dan Winkler,28,2,0,1.000,1.07,0,25.1,12,6,3,0,6,0,35,366,1.30,0.711,4.3,0.0,2.1,12.4,5.83
Matt Wisler,25,1,1,.500,4.37,0,22.2,22,11,11,5,5,0,17,90,5.14,1.191,8.7,2.0,2.0,6.8,3.40
Nick Wittgren,27,2,1,.667,3.06,0,17.2,15,8,6,0,10,1,17,123,2.89,1.415,7.6,0.0,5.1,8.7,1.70
Alex Wood,27,1,4,.200,4.48,0,64.1,60,35,32,8,13,1,60,85,3.52,1.135,8.4,1.1,1.8,8.4,4.62
Blake Wood,32,1,0,1.000,2.31,0,11.2,8,3,3,1,7,2,10,181,4.57,1.286,6.2,0.8,5.4,7.7,1.43
Hunter Wood,24,0,0,0,3.86,0,2.1,4,1,1,0,1,0,1,120,3.54,2.143,15.4,0.0,3.9,3.9,1.00
Brandon Woodruff,25,2,0,1.000,6.05,0,19.1,20,13,13,3,7,0,20,69,4.30,1.397,9.3,1.4,3.3,9.3,2.86
Brandon Workman,29,0,0,0,0.00,0,2.0,0,0,0,0,0,0,0,0,3.11,0.000,0.0,0.0,0.0,0.0,0
Mike Wright,28,0,0,0,6.37,0,29.2,36,24,21,2,16,0,26,66,4.16,1.753,10.9,0.6,4.9,7.9,1.63
Steven Wright,33,2,0,1.000,1.57,0,23.0,11,4,4,1,13,1,20,285,3.63,1.043,4.3,0.4,5.1,7.8,1.54
Jimmy Yacabonis,26,0,0,0,15.43,0,2.1,3,4,4,0,5,1,1,31,8.68,3.429,11.6,0.0,19.3,3.9,0.20
Ryan Yarbrough,26,4,2,.667,3.68,0,58.2,53,28,24,7,19,3,55,109,3.91,1.227,8.1,1.1,2.9,8.4,2.89
Kirby Yates,31,3,0,1.000,1.17,1,23.0,16,3,3,1,8,0,28,330,2.68,1.043,6.3,0.4,3.1,11.0,3.50
Rob Zastryzny,26,0,0,0,0.00,0,2.0,1,0,0,0,1,0,2,0,4.11,1.000,4.5,0.0,4.5,9.0,2.00
Brad Ziegler,38,0,5,.000,7.27,9,26.0,36,23,21,5,7,2,16,52,5.31,1.654,12.5,1.7,2.4,5.5,2.29
Jordan Zimmermann,32,2,0,1.000,4.88,0,31.1,32,20,17,5,9,0,32,91,4.01,1.309,9.2,1.4,2.6,9.2,3.56
